facility_id,sme_id,facility_type,limit_gbp,apr,start_date,term_months,monthly_repayment_gbp,drawn_at_open_gbp
FAC00001,SME0001,Overdraft,7700.0,0.1464,2020-12-03,,0.0,0.0
FAC00002,SME0002,Overdraft,45300.0,0.1735,2018-08-13,,0.0,0.0
FAC00003,SME0002,Revolving Credit Facility,32800.0,0.128,2020-10-20,48,349.87,32800.0
FAC00004,SME0003,Overdraft,116100.0,0.1477,2014-10-28,,0.0,0.0
FAC00005,SME0004,Overdraft,78800.0,0.1872,2017-01-08,,0.0,0.0
FAC00006,SME0004,Term Loan,69800.0,0.1112,2023-02-04,48,1808.09,69800.0
FAC00007,SME0005,Overdraft,21100.0,0.1542,2014-12-11,,0.0,0.0
FAC00008,SME0006,Overdraft,32700.0,0.1412,2022-07-21,,0.0,0.0
FAC00009,SME0007,Overdraft,83100.0,0.1129,2020-06-10,,0.0,0.0
FAC00010,SME0007,Revolving Credit Facility,49400.0,0.0727,2022-01-24,48,299.28,49400.0
FAC00011,SME0008,Overdraft,166700.0,0.1627,2021-12-22,,0.0,0.0
FAC00012,SME0009,Overdraft,117000.0,0.1515,2010-01-25,,0.0,0.0
FAC00013,SME0009,Term Loan,155100.0,0.0648,2023-01-31,84,2301.65,155100.0
FAC00014,SME0010,Overdraft,24200.0,0.1146,2015-10-26,,0.0,0.0
FAC00015,SME0011,Overdraft,8000.0,0.11,2021-08-14,,0.0,0.0
FAC00016,SME0012,Overdraft,66900.0,0.1233,2020-11-21,,0.0,0.0
FAC00017,SME0013,Overdraft,111300.0,0.1135,2016-12-03,,0.0,0.0
FAC00018,SME0014,Overdraft,11500.0,0.1625,2021-09-23,,0.0,0.0
FAC00019,SME0014,Term Loan,17400.0,0.1263,2022-09-04,84,313.05,17400.0
FAC00020,SME0015,Overdraft,3000.0,0.1383,2019-12-04,,0.0,0.0
FAC00021,SME0015,Term Loan,10000.0,0.0877,2023-08-07,48,247.76,10000.0
FAC00022,SME0016,Overdraft,104600.0,0.1793,2017-02-06,,0.0,0.0
FAC00023,SME0017,Overdraft,67200.0,0.1719,2015-12-18,,0.0,0.0
FAC00024,SME0017,Invoice Finance,53400.0,0.1003,2018-06-02,48,446.34,53400.0
FAC00025,SME0018,Overdraft,37500.0,0.1535,2014-12-20,,0.0,0.0
FAC00026,SME0019,Overdraft,193800.0,0.1624,2014-12-01,,0.0,0.0
FAC00027,SME0020,Overdraft,36300.0,0.1654,2018-11-28,,0.0,0.0
FAC00028,SME0021,Overdraft,378300.0,0.128,2015-02-11,,0.0,0.0
FAC00029,SME0021,Revolving Credit Facility,690700.0,0.1079,2015-05-12,72,6210.54,690700.0
FAC00030,SME0022,Overdraft,44000.0,0.1538,2021-10-20,,0.0,0.0
FAC00031,SME0023,Overdraft,42700.0,0.1355,2017-05-09,,0.0,0.0
FAC00032,SME0024,Overdraft,12800.0,0.1186,2021-10-01,,0.0,0.0
FAC00033,SME0025,Overdraft,34100.0,0.1812,2010-12-26,,0.0,0.0
FAC00034,SME0025,Term Loan,14300.0,0.1051,2019-06-21,60,307.43,14300.0
FAC00035,SME0026,Overdraft,27600.0,0.1813,2011-05-10,,0.0,0.0
FAC00036,SME0026,Term Loan,38900.0,0.0633,2023-01-08,48,919.46,38900.0
FAC00037,SME0027,Overdraft,83900.0,0.1877,2022-04-01,,0.0,0.0
FAC00038,SME0028,Overdraft,3000.0,0.1127,2021-09-14,,0.0,0.0
FAC00039,SME0029,Overdraft,10700.0,0.1507,2022-08-29,,0.0,0.0
FAC00040,SME0029,Revolving Credit Facility,10000.0,0.0764,2024-03-28,84,63.67,10000.0
FAC00041,SME0030,Overdraft,4200.0,0.1328,2011-07-24,,0.0,0.0
FAC00042,SME0030,Revolving Credit Facility,10000.0,0.1323,2020-07-19,48,110.25,10000.0
FAC00043,SME0031,Overdraft,22600.0,0.1729,2023-06-09,,0.0,0.0
FAC00044,SME0032,Overdraft,8500.0,0.1347,2016-12-25,,0.0,0.0
FAC00045,SME0032,Invoice Finance,10000.0,0.1105,2016-08-27,60,92.08,10000.0
FAC00046,SME0033,Overdraft,45200.0,0.1895,2023-12-09,,0.0,0.0
FAC00047,SME0034,Overdraft,23800.0,0.1489,2009-01-21,,0.0,0.0
FAC00048,SME0035,Overdraft,1007500.0,0.1481,2017-11-21,,0.0,0.0
FAC00049,SME0035,Term Loan,1229900.0,0.0868,2024-06-23,60,25340.11,1229900.0
FAC00050,SME0036,Overdraft,13100.0,0.146,2020-07-09,,0.0,0.0
FAC00051,SME0036,Invoice Finance,10000.0,0.0608,2021-07-22,60,50.67,10000.0
FAC00052,SME0037,Overdraft,33700.0,0.1244,2019-12-18,,0.0,0.0
FAC00053,SME0038,Overdraft,282000.0,0.1678,2022-06-06,,0.0,0.0
FAC00054,SME0038,Invoice Finance,162000.0,0.1114,2022-11-23,48,1503.9,162000.0
FAC00055,SME0039,Overdraft,436900.0,0.1668,2008-01-04,,0.0,0.0
FAC00056,SME0040,Overdraft,14800.0,0.1184,2023-07-17,,0.0,0.0
FAC00057,SME0040,Term Loan,10000.0,0.1389,2023-01-10,60,232.11,10000.0
FAC00058,SME0041,Overdraft,4653100.0,0.1867,2014-06-04,,0.0,0.0
FAC00059,SME0041,Invoice Finance,2189300.0,0.0868,2018-01-26,60,15835.94,2189300.0
FAC00060,SME0042,Overdraft,100000.0,0.1377,2011-10-27,,0.0,0.0
FAC00061,SME0042,Term Loan,123400.0,0.0957,2014-11-19,60,2595.85,123400.0
FAC00062,SME0043,Overdraft,70800.0,0.1399,2022-08-22,,0.0,0.0
FAC00063,SME0044,Overdraft,85900.0,0.1677,2019-06-30,,0.0,0.0
FAC00064,SME0045,Overdraft,8100.0,0.1262,2019-03-11,,0.0,0.0
FAC00065,SME0045,Term Loan,10000.0,0.0917,2023-07-14,84,161.75,10000.0
FAC00066,SME0046,Overdraft,11500.0,0.1245,2014-02-23,,0.0,0.0
FAC00067,SME0046,Revolving Credit Facility,18800.0,0.0635,2020-08-31,48,99.48,18800.0
FAC00068,SME0047,Overdraft,36600.0,0.1183,2017-02-20,,0.0,0.0
FAC00069,SME0047,Revolving Credit Facility,24300.0,0.118,2017-02-14,48,238.95,24300.0
FAC00070,SME0048,Overdraft,409700.0,0.1328,2023-10-02,,0.0,0.0
FAC00071,SME0048,Invoice Finance,210100.0,0.0703,2024-04-05,84,1230.84,210100.0
FAC00072,SME0049,Overdraft,562300.0,0.1803,2019-06-09,,0.0,0.0
FAC00073,SME0049,Revolving Credit Facility,428700.0,0.1181,2023-08-03,48,4219.12,428700.0
FAC00074,SME0050,Overdraft,1557900.0,0.19,2020-10-18,,0.0,0.0
FAC00075,SME0051,Overdraft,16500.0,0.1817,2022-03-20,,0.0,0.0
FAC00076,SME0052,Overdraft,96100.0,0.1518,2008-01-08,,0.0,0.0
FAC00077,SME0053,Overdraft,68400.0,0.1112,2010-10-03,,0.0,0.0
FAC00078,SME0053,Revolving Credit Facility,50900.0,0.0866,2014-04-23,60,367.33,50900.0
FAC00079,SME0054,Overdraft,84800.0,0.1443,2020-12-24,,0.0,0.0
FAC00080,SME0055,Overdraft,534400.0,0.1664,2019-10-15,,0.0,0.0
FAC00081,SME0055,Term Loan,379200.0,0.093,2021-02-19,72,6891.88,379200.0
FAC00082,SME0056,Overdraft,61700.0,0.1238,2022-08-04,,0.0,0.0
FAC00083,SME0056,Term Loan,122600.0,0.1377,2024-04-03,84,2281.98,122600.0
FAC00084,SME0057,Overdraft,281000.0,0.175,2020-03-03,,0.0,0.0
FAC00085,SME0057,Revolving Credit Facility,278400.0,0.0917,2022-02-02,84,2127.44,278400.0
FAC00086,SME0058,Overdraft,25900.0,0.1277,2021-09-09,,0.0,0.0
FAC00087,SME0058,Term Loan,58000.0,0.0849,2022-09-17,72,1030.86,58000.0
FAC00088,SME0059,Overdraft,10300.0,0.1696,2020-03-04,,0.0,0.0
FAC00089,SME0060,Overdraft,25000.0,0.124,2015-11-20,,0.0,0.0
FAC00090,SME0061,Overdraft,3000.0,0.1671,2022-02-28,,0.0,0.0
FAC00091,SME0062,Overdraft,5000.0,0.128,2015-12-09,,0.0,0.0
FAC00092,SME0062,Invoice Finance,10200.0,0.1247,2022-12-20,72,106.0,10200.0
FAC00093,SME0063,Overdraft,25200.0,0.1764,2020-10-26,,0.0,0.0
FAC00094,SME0063,Term Loan,48000.0,0.0683,2022-03-08,48,1145.64,48000.0
FAC00095,SME0064,Overdraft,92000.0,0.1795,2017-04-21,,0.0,0.0
FAC00096,SME0065,Overdraft,306900.0,0.1129,2010-02-11,,0.0,0.0
FAC00097,SME0066,Overdraft,207900.0,0.1212,2008-06-26,,0.0,0.0
FAC00098,SME0066,Invoice Finance,143100.0,0.1349,2013-12-05,72,1608.68,143100.0
FAC00099,SME0067,Overdraft,857300.0,0.1621,2009-04-24,,0.0,0.0
FAC00100,SME0067,Term Loan,750600.0,0.1289,2019-02-14,60,17036.22,750600.0
FAC00101,SME0068,Overdraft,15500.0,0.1338,2022-08-11,,0.0,0.0
FAC00102,SME0069,Overdraft,16300.0,0.1789,2017-03-20,,0.0,0.0
FAC00103,SME0069,Term Loan,20700.0,0.1034,2021-08-06,60,443.28,20700.0
FAC00104,SME0070,Overdraft,29800.0,0.135,2015-10-30,,0.0,0.0
FAC00105,SME0070,Term Loan,11400.0,0.0701,2022-05-11,48,273.04,11400.0
FAC00106,SME0071,Overdraft,23500.0,0.1109,2020-05-28,,0.0,0.0
FAC00107,SME0072,Overdraft,1015000.0,0.1199,2017-06-15,,0.0,0.0
FAC00108,SME0072,Invoice Finance,389100.0,0.0987,2022-03-08,72,3200.35,389100.0
FAC00109,SME0073,Overdraft,1503600.0,0.1546,2016-01-10,,0.0,0.0
FAC00110,SME0073,Revolving Credit Facility,1270800.0,0.089,2016-06-09,48,9425.1,1270800.0
FAC00111,SME0074,Overdraft,495500.0,0.176,2021-11-03,,0.0,0.0
FAC00112,SME0074,Term Loan,327900.0,0.1337,2024-06-25,48,8857.07,327900.0
FAC00113,SME0075,Overdraft,29800.0,0.1145,2019-05-26,,0.0,0.0
FAC00114,SME0076,Overdraft,246800.0,0.1641,2019-08-21,,0.0,0.0
FAC00115,SME0076,Invoice Finance,156900.0,0.0872,2024-01-01,60,1140.14,156900.0
FAC00116,SME0077,Overdraft,3800.0,0.149,2019-10-11,,0.0,0.0
FAC00117,SME0078,Overdraft,9100.0,0.1354,2022-05-31,,0.0,0.0
FAC00118,SME0079,Overdraft,3000.0,0.1217,2023-08-08,,0.0,0.0
FAC00119,SME0080,Overdraft,12300.0,0.14,2006-01-24,,0.0,0.0
FAC00120,SME0081,Overdraft,7600.0,0.1186,2020-08-08,,0.0,0.0
FAC00121,SME0082,Overdraft,42800.0,0.1825,2019-01-27,,0.0,0.0
FAC00122,SME0083,Overdraft,9400.0,0.1814,2022-12-25,,0.0,0.0
FAC00123,SME0083,Term Loan,10000.0,0.131,2023-10-18,48,268.77,10000.0
FAC00124,SME0084,Overdraft,82500.0,0.1276,2020-02-10,,0.0,0.0
FAC00125,SME0085,Overdraft,383300.0,0.1171,2022-09-29,,0.0,0.0
FAC00126,SME0086,Overdraft,27100.0,0.1315,2019-11-12,,0.0,0.0
FAC00127,SME0087,Overdraft,1131400.0,0.1798,2017-10-25,,0.0,0.0
FAC00128,SME0087,Term Loan,344700.0,0.0636,2019-06-16,48,8152.31,344700.0
FAC00129,SME0088,Overdraft,10900.0,0.1379,2014-09-08,,0.0,0.0
FAC00130,SME0088,Term Loan,21800.0,0.0695,2018-06-04,60,431.15,21800.0
FAC00131,SME0089,Overdraft,691000.0,0.1477,2020-08-24,,0.0,0.0
FAC00132,SME0089,Invoice Finance,251800.0,0.1146,2024-04-14,72,2404.69,251800.0
FAC00133,SME0090,Overdraft,257500.0,0.1621,2020-12-08,,0.0,0.0
FAC00134,SME0091,Overdraft,18700.0,0.1437,2021-08-07,,0.0,0.0
FAC00135,SME0092,Overdraft,35900.0,0.1661,2022-06-25,,0.0,0.0
FAC00136,SME0093,Overdraft,56100.0,0.1509,2018-07-25,,0.0,0.0
FAC00137,SME0093,Term Loan,24000.0,0.0607,2019-04-03,60,464.77,24000.0
FAC00138,SME0094,Overdraft,29000.0,0.1102,2016-12-15,,0.0,0.0
FAC00139,SME0095,Overdraft,122200.0,0.1663,2020-01-18,,0.0,0.0
FAC00140,SME0095,Revolving Credit Facility,64700.0,0.0648,2022-04-30,72,349.38,64700.0
FAC00141,SME0096,Overdraft,76600.0,0.1674,2021-11-01,,0.0,0.0
FAC00142,SME0097,Overdraft,7700.0,0.1666,2013-09-13,,0.0,0.0
FAC00143,SME0098,Overdraft,321600.0,0.168,2007-10-27,,0.0,0.0
FAC00144,SME0099,Overdraft,10800.0,0.1159,2017-02-09,,0.0,0.0
FAC00145,SME0099,Term Loan,10000.0,0.121,2017-12-05,60,222.95,10000.0
FAC00146,SME0100,Overdraft,309700.0,0.132,2020-04-13,,0.0,0.0
FAC00147,SME0101,Overdraft,191100.0,0.1299,2022-06-14,,0.0,0.0
FAC00148,SME0102,Overdraft,4800.0,0.1242,2014-05-25,,0.0,0.0
FAC00149,SME0102,Term Loan,10000.0,0.0603,2016-05-08,48,234.99,10000.0
FAC00150,SME0103,Overdraft,97300.0,0.1351,2023-01-25,,0.0,0.0
FAC00151,SME0104,Overdraft,38600.0,0.1138,2014-02-24,,0.0,0.0
FAC00152,SME0105,Overdraft,4100.0,0.113,2008-02-24,,0.0,0.0
FAC00153,SME0106,Overdraft,12100.0,0.1732,2015-10-30,,0.0,0.0
FAC00154,SME0107,Overdraft,217200.0,0.1828,2012-12-10,,0.0,0.0
FAC00155,SME0107,Revolving Credit Facility,239900.0,0.1311,2020-05-10,60,2620.91,239900.0
FAC00156,SME0108,Overdraft,21700.0,0.1401,2023-03-23,,0.0,0.0
FAC00157,SME0109,Overdraft,1058600.0,0.1769,2016-11-28,,0.0,0.0
FAC00158,SME0110,Overdraft,80000.0,0.1153,2018-01-07,,0.0,0.0
FAC00159,SME0110,Term Loan,54500.0,0.0979,2020-11-20,60,1152.34,54500.0
FAC00160,SME0111,Overdraft,8400.0,0.1279,2017-01-19,,0.0,0.0
FAC00161,SME0112,Overdraft,30300.0,0.1781,2014-03-12,,0.0,0.0
FAC00162,SME0112,Term Loan,33500.0,0.0707,2015-11-24,72,572.27,33500.0
FAC00163,SME0113,Overdraft,728100.0,0.1475,2016-02-26,,0.0,0.0
FAC00164,SME0113,Invoice Finance,1422100.0,0.1275,2018-02-27,60,15109.81,1422100.0
FAC00165,SME0114,Overdraft,17700.0,0.126,2018-12-16,,0.0,0.0
FAC00166,SME0114,Invoice Finance,42500.0,0.0999,2018-08-02,48,353.81,42500.0
FAC00167,SME0115,Overdraft,24400.0,0.1344,2016-03-26,,0.0,0.0
FAC00168,SME0116,Overdraft,206100.0,0.1777,2021-10-05,,0.0,0.0
FAC00169,SME0116,Term Loan,142500.0,0.1192,2023-07-30,60,3164.08,142500.0
FAC00170,SME0117,Overdraft,3000.0,0.189,2014-06-02,,0.0,0.0
FAC00171,SME0117,Revolving Credit Facility,10000.0,0.1039,2018-02-26,84,86.58,10000.0
FAC00172,SME0118,Overdraft,969600.0,0.1584,2017-01-07,,0.0,0.0
FAC00173,SME0118,Term Loan,811500.0,0.0706,2020-11-26,48,19454.98,811500.0
FAC00174,SME0119,Overdraft,71000.0,0.1558,2013-01-11,,0.0,0.0
FAC00175,SME0120,Overdraft,3000.0,0.167,2020-09-09,,0.0,0.0
FAC00176,SME0121,Overdraft,55600.0,0.1377,2019-03-08,,0.0,0.0
FAC00177,SME0122,Overdraft,56100.0,0.1879,2023-12-05,,0.0,0.0
FAC00178,SME0123,Overdraft,5000.0,0.1746,2020-07-04,,0.0,0.0
FAC00179,SME0124,Overdraft,62200.0,0.1279,2020-12-04,,0.0,0.0
FAC00180,SME0125,Overdraft,422100.0,0.1274,2017-12-05,,0.0,0.0
FAC00181,SME0125,Term Loan,150100.0,0.0897,2020-12-11,84,2412.69,150100.0
FAC00182,SME0126,Overdraft,6000.0,0.141,2020-02-16,,0.0,0.0
FAC00183,SME0127,Overdraft,23900.0,0.1544,2013-11-14,,0.0,0.0
FAC00184,SME0127,Term Loan,29400.0,0.1083,2024-01-29,84,500.78,29400.0
FAC00185,SME0128,Overdraft,14600.0,0.1673,2023-12-06,,0.0,0.0
FAC00186,SME0129,Overdraft,319500.0,0.1881,2018-01-03,,0.0,0.0
FAC00187,SME0129,Invoice Finance,152700.0,0.127,2022-05-04,60,1616.08,152700.0
FAC00188,SME0130,Overdraft,47400.0,0.1552,2004-03-13,,0.0,0.0
FAC00189,SME0130,Invoice Finance,25600.0,0.0994,2006-07-09,60,212.05,25600.0
FAC00190,SME0131,Overdraft,12400.0,0.1477,2021-01-15,,0.0,0.0
FAC00191,SME0132,Overdraft,12100.0,0.1488,2018-06-29,,0.0,0.0
FAC00192,SME0133,Overdraft,23900.0,0.1639,2020-10-09,,0.0,0.0
FAC00193,SME0134,Overdraft,41100.0,0.1759,2010-06-28,,0.0,0.0
FAC00194,SME0135,Overdraft,858400.0,0.1255,2016-09-27,,0.0,0.0
FAC00195,SME0136,Overdraft,52400.0,0.1162,2020-06-04,,0.0,0.0
FAC00196,SME0136,Revolving Credit Facility,64300.0,0.0998,2021-02-04,84,534.76,64300.0
FAC00197,SME0137,Overdraft,22100.0,0.1288,2022-01-04,,0.0,0.0
FAC00198,SME0137,Term Loan,11700.0,0.1181,2022-04-16,72,227.58,11700.0
FAC00199,SME0138,Overdraft,121200.0,0.1304,2022-05-03,,0.0,0.0
FAC00200,SME0139,Overdraft,18900.0,0.1112,2021-06-07,,0.0,0.0
FAC00201,SME0140,Overdraft,31700.0,0.1591,2023-10-11,,0.0,0.0
FAC00202,SME0140,Invoice Finance,54500.0,0.0847,2023-09-20,72,384.68,54500.0
FAC00203,SME0141,Overdraft,261700.0,0.1581,2019-06-29,,0.0,0.0
FAC00204,SME0141,Term Loan,171500.0,0.1347,2022-03-05,60,3943.54,171500.0
FAC00205,SME0142,Overdraft,152500.0,0.1617,2007-10-17,,0.0,0.0
FAC00206,SME0142,Term Loan,85400.0,0.132,2014-07-30,72,1723.36,85400.0
FAC00207,SME0143,Overdraft,7500.0,0.1842,2019-10-19,,0.0,0.0
FAC00208,SME0143,Term Loan,12200.0,0.0768,2023-12-29,48,296.01,12200.0
FAC00209,SME0144,Overdraft,102000.0,0.1637,2014-12-24,,0.0,0.0
FAC00210,SME0145,Overdraft,30500.0,0.1314,2019-03-31,,0.0,0.0
FAC00211,SME0146,Overdraft,714500.0,0.1118,2023-11-17,,0.0,0.0
FAC00212,SME0146,Term Loan,326600.0,0.1373,2023-06-29,60,7553.77,326600.0
FAC00213,SME0147,Overdraft,547400.0,0.1167,2007-08-13,,0.0,0.0
FAC00214,SME0147,Revolving Credit Facility,418100.0,0.075,2014-05-14,60,2613.12,418100.0
FAC00215,SME0148,Overdraft,755200.0,0.1593,2022-04-15,,0.0,0.0
FAC00216,SME0148,Term Loan,625700.0,0.0941,2023-10-09,72,11406.32,625700.0
FAC00217,SME0149,Overdraft,77600.0,0.1103,2022-08-18,,0.0,0.0
FAC00218,SME0150,Overdraft,80900.0,0.1326,2016-08-12,,0.0,0.0
FAC00219,SME0150,Term Loan,224500.0,0.0785,2020-01-07,84,3482.35,224500.0
FAC00220,SME0151,Overdraft,7400.0,0.1437,2020-08-21,,0.0,0.0
FAC00221,SME0151,Term Loan,16700.0,0.1095,2020-04-15,60,362.68,16700.0
FAC00222,SME0152,Overdraft,13700.0,0.1129,2014-08-27,,0.0,0.0
FAC00223,SME0153,Overdraft,171200.0,0.1167,2020-01-12,,0.0,0.0
FAC00224,SME0153,Term Loan,110100.0,0.1316,2023-01-20,72,2219.47,110100.0
FAC00225,SME0154,Overdraft,11100.0,0.1398,2017-11-26,,0.0,0.0
FAC00226,SME0155,Overdraft,768300.0,0.1522,2003-06-02,,0.0,0.0
FAC00227,SME0155,Term Loan,558100.0,0.1379,2020-03-15,72,11437.4,558100.0
FAC00228,SME0156,Overdraft,8800.0,0.1113,2002-12-02,,0.0,0.0
FAC00229,SME0157,Overdraft,132900.0,0.1301,2021-02-17,,0.0,0.0
FAC00230,SME0158,Overdraft,44900.0,0.1407,2018-07-22,,0.0,0.0
FAC00231,SME0158,Term Loan,16000.0,0.0789,2024-06-05,60,323.58,16000.0
FAC00232,SME0159,Overdraft,21300.0,0.1768,2020-11-07,,0.0,0.0
FAC00233,SME0160,Overdraft,9100.0,0.1153,2015-03-28,,0.0,0.0
FAC00234,SME0161,Overdraft,4342900.0,0.1447,2021-06-08,,0.0,0.0
FAC00235,SME0161,Invoice Finance,2851900.0,0.0641,2021-08-04,72,15233.9,2851900.0
FAC00236,SME0162,Overdraft,628200.0,0.1617,2018-02-07,,0.0,0.0
FAC00237,SME0162,Revolving Credit Facility,232500.0,0.0656,2022-10-21,84,1271.0,232500.0
FAC00238,SME0163,Overdraft,251000.0,0.1303,2017-04-27,,0.0,0.0
FAC00239,SME0163,Invoice Finance,413500.0,0.132,2019-07-19,84,4548.5,413500.0
FAC00240,SME0164,Overdraft,39600.0,0.1375,2017-12-25,,0.0,0.0
FAC00241,SME0165,Overdraft,6100.0,0.1628,2021-04-04,,0.0,0.0
FAC00242,SME0166,Overdraft,17600.0,0.1393,2020-07-05,,0.0,0.0
FAC00243,SME0166,Term Loan,10400.0,0.122,2022-11-05,72,204.41,10400.0
FAC00244,SME0167,Overdraft,11200.0,0.1168,2013-09-21,,0.0,0.0
FAC00245,SME0167,Revolving Credit Facility,21200.0,0.1226,2017-11-09,48,216.59,21200.0
FAC00246,SME0168,Overdraft,10500.0,0.1426,2019-04-23,,0.0,0.0
FAC00247,SME0169,Overdraft,27900.0,0.1237,2016-11-14,,0.0,0.0
FAC00248,SME0169,Revolving Credit Facility,21300.0,0.1362,2019-04-26,84,241.75,21300.0
FAC00249,SME0170,Overdraft,14300.0,0.1115,2017-03-19,,0.0,0.0
FAC00250,SME0171,Overdraft,118400.0,0.1817,2011-12-03,,0.0,0.0
FAC00251,SME0171,Invoice Finance,85500.0,0.0688,2014-07-19,60,490.2,85500.0
FAC00252,SME0172,Overdraft,60200.0,0.1656,2014-03-20,,0.0,0.0
FAC00253,SME0172,Term Loan,40200.0,0.0726,2022-08-17,60,800.95,40200.0
FAC00254,SME0173,Overdraft,24900.0,0.172,2020-05-15,,0.0,0.0
FAC00255,SME0173,Invoice Finance,48500.0,0.0979,2021-02-16,48,395.68,48500.0
FAC00256,SME0174,Overdraft,16100.0,0.1718,2008-12-07,,0.0,0.0
FAC00257,SME0174,Invoice Finance,30900.0,0.0915,2015-07-27,60,235.61,30900.0
FAC00258,SME0175,Overdraft,81800.0,0.184,2024-03-22,,0.0,0.0
FAC00259,SME0175,Invoice Finance,46600.0,0.1215,2023-12-22,84,471.82,46600.0
FAC00260,SME0176,Overdraft,375100.0,0.1415,2017-12-08,,0.0,0.0
FAC00261,SME0176,Invoice Finance,867700.0,0.0869,2022-11-24,60,6283.59,867700.0
FAC00262,SME0177,Overdraft,173000.0,0.1254,2023-10-15,,0.0,0.0
FAC00263,SME0178,Overdraft,27400.0,0.1445,2020-04-30,,0.0,0.0
FAC00264,SME0178,Invoice Finance,13700.0,0.1348,2020-08-16,60,153.9,13700.0
FAC00265,SME0179,Overdraft,1508600.0,0.1512,2020-06-27,,0.0,0.0
FAC00266,SME0179,Term Loan,2826300.0,0.1142,2022-08-14,72,54405.97,2826300.0
FAC00267,SME0180,Overdraft,52200.0,0.1309,2015-08-01,,0.0,0.0
FAC00268,SME0180,Revolving Credit Facility,60800.0,0.1007,2020-06-20,60,510.21,60800.0
FAC00269,SME0181,Overdraft,112600.0,0.1445,2013-04-10,,0.0,0.0
FAC00270,SME0182,Overdraft,8800.0,0.1587,2022-01-06,,0.0,0.0
FAC00271,SME0183,Overdraft,29500.0,0.1211,2023-01-25,,0.0,0.0
FAC00272,SME0184,Overdraft,100300.0,0.1151,2019-11-04,,0.0,0.0
FAC00273,SME0185,Overdraft,16300.0,0.1593,2021-05-30,,0.0,0.0
FAC00274,SME0186,Overdraft,21100.0,0.1742,2015-02-01,,0.0,0.0
FAC00275,SME0187,Overdraft,11600.0,0.1282,2020-12-16,,0.0,0.0
FAC00276,SME0188,Overdraft,83000.0,0.1157,2015-12-12,,0.0,0.0
FAC00277,SME0189,Overdraft,1098000.0,0.1685,2018-11-30,,0.0,0.0
FAC00278,SME0190,Overdraft,3069400.0,0.18,2020-07-22,,0.0,0.0
FAC00279,SME0190,Term Loan,1125200.0,0.0899,2020-11-27,84,18097.72,1125200.0
FAC00280,SME0191,Overdraft,16100.0,0.1714,2023-04-03,,0.0,0.0
FAC00281,SME0191,Term Loan,20200.0,0.0714,2022-10-19,60,401.32,20200.0
FAC00282,SME0192,Overdraft,19900.0,0.1403,2022-06-21,,0.0,0.0
FAC00283,SME0193,Overdraft,15200.0,0.1642,2016-08-22,,0.0,0.0
FAC00284,SME0194,Overdraft,146200.0,0.1722,2014-05-02,,0.0,0.0
FAC00285,SME0194,Term Loan,341700.0,0.1062,2022-08-28,60,7364.79,341700.0
FAC00286,SME0195,Overdraft,7000.0,0.129,2015-12-02,,0.0,0.0
FAC00287,SME0195,Invoice Finance,10000.0,0.0732,2018-04-19,60,61.0,10000.0
FAC00288,SME0196,Overdraft,340300.0,0.1892,2017-10-28,,0.0,0.0
FAC00289,SME0196,Revolving Credit Facility,97400.0,0.1375,2018-04-08,84,1116.04,97400.0
FAC00290,SME0197,Overdraft,7500.0,0.1348,2017-03-16,,0.0,0.0
FAC00291,SME0198,Overdraft,69200.0,0.1767,2019-05-08,,0.0,0.0
FAC00292,SME0199,Overdraft,15800.0,0.1882,2019-05-02,,0.0,0.0
FAC00293,SME0200,Overdraft,1619000.0,0.1357,2016-05-27,,0.0,0.0
FAC00294,SME0200,Invoice Finance,659100.0,0.0785,2019-09-09,72,4311.61,659100.0
FAC00295,SME0201,Overdraft,13300.0,0.1456,2023-11-02,,0.0,0.0
FAC00296,SME0202,Overdraft,5000.0,0.1215,2023-01-10,,0.0,0.0
FAC00297,SME0203,Overdraft,85000.0,0.1314,2023-03-23,,0.0,0.0
FAC00298,SME0204,Overdraft,7700.0,0.1707,2011-05-23,,0.0,0.0
FAC00299,SME0205,Overdraft,16700.0,0.1482,2022-07-02,,0.0,0.0
FAC00300,SME0205,Revolving Credit Facility,14200.0,0.1222,2021-11-05,48,144.6,14200.0
FAC00301,SME0206,Overdraft,14500.0,0.1336,2019-03-20,,0.0,0.0
FAC00302,SME0206,Term Loan,12700.0,0.0757,2020-10-31,72,220.02,12700.0
FAC00303,SME0207,Overdraft,224000.0,0.1334,2022-07-03,,0.0,0.0
FAC00304,SME0208,Overdraft,88900.0,0.1859,2016-12-15,,0.0,0.0
FAC00305,SME0208,Term Loan,60600.0,0.0678,2019-01-21,60,1193.67,60600.0
FAC00306,SME0209,Overdraft,154400.0,0.1765,2017-01-02,,0.0,0.0
FAC00307,SME0210,Overdraft,32000.0,0.1779,2019-10-09,,0.0,0.0
FAC00308,SME0211,Overdraft,130100.0,0.1524,2021-01-17,,0.0,0.0
FAC00309,SME0212,Overdraft,287000.0,0.1799,2018-06-06,,0.0,0.0
FAC00310,SME0212,Invoice Finance,693800.0,0.1008,2021-01-25,48,5827.92,693800.0
FAC00311,SME0213,Overdraft,153400.0,0.128,2013-08-26,,0.0,0.0
FAC00312,SME0214,Overdraft,113900.0,0.1189,2020-06-04,,0.0,0.0
FAC00313,SME0215,Overdraft,112300.0,0.1584,2015-04-07,,0.0,0.0
FAC00314,SME0216,Overdraft,166300.0,0.1778,2011-02-17,,0.0,0.0
FAC00315,SME0217,Overdraft,7900.0,0.1426,2016-07-17,,0.0,0.0
FAC00316,SME0217,Revolving Credit Facility,10000.0,0.1049,2017-12-18,84,87.42,10000.0
FAC00317,SME0218,Overdraft,6700.0,0.1616,2012-09-14,,0.0,0.0
FAC00318,SME0219,Overdraft,35300.0,0.1764,2017-07-19,,0.0,0.0
FAC00319,SME0219,Term Loan,14000.0,0.1092,2020-05-20,60,303.84,14000.0
FAC00320,SME0220,Overdraft,198100.0,0.1506,2016-12-22,,0.0,0.0
FAC00321,SME0221,Overdraft,12600.0,0.1114,2018-02-22,,0.0,0.0
FAC00322,SME0222,Overdraft,188800.0,0.1239,2023-08-06,,0.0,0.0
FAC00323,SME0222,Term Loan,143400.0,0.1389,2024-06-23,84,2678.61,143400.0
FAC00324,SME0223,Overdraft,13100.0,0.1589,2007-07-26,,0.0,0.0
FAC00325,SME0224,Overdraft,12600.0,0.1817,2012-01-02,,0.0,0.0
FAC00326,SME0225,Overdraft,80200.0,0.1128,2017-12-31,,0.0,0.0
FAC00327,SME0226,Overdraft,52100.0,0.1888,2010-03-26,,0.0,0.0
FAC00328,SME0226,Term Loan,36900.0,0.0912,2013-09-19,72,667.34,36900.0
FAC00329,SME0227,Overdraft,801400.0,0.1403,2022-07-05,,0.0,0.0
FAC00330,SME0228,Overdraft,6100.0,0.1732,2021-04-15,,0.0,0.0
FAC00331,SME0228,Invoice Finance,10000.0,0.1013,2023-03-27,60,84.42,10000.0
FAC00332,SME0229,Overdraft,3500.0,0.144,2009-07-08,,0.0,0.0
FAC00333,SME0229,Term Loan,10000.0,0.1145,2011-07-26,48,260.65,10000.0
FAC00334,SME0230,Overdraft,82400.0,0.1616,2019-06-05,,0.0,0.0
FAC00335,SME0230,Invoice Finance,132000.0,0.1344,2020-12-05,84,1478.4,132000.0
FAC00336,SME0231,Overdraft,9600.0,0.1649,2019-09-21,,0.0,0.0
FAC00337,SME0231,Invoice Finance,10000.0,0.0835,2023-07-05,48,69.58,10000.0
FAC00338,SME0232,Overdraft,19600.0,0.1444,2011-03-22,,0.0,0.0
FAC00339,SME0233,Overdraft,142000.0,0.1737,2002-02-20,,0.0,0.0
FAC00340,SME0233,Term Loan,79100.0,0.1068,2022-10-04,48,2032.11,79100.0
FAC00341,SME0234,Overdraft,26500.0,0.1808,2020-03-19,,0.0,0.0
FAC00342,SME0235,Overdraft,109900.0,0.1695,2016-04-24,,0.0,0.0
FAC00343,SME0235,Term Loan,62700.0,0.0807,2021-06-29,48,1532.75,62700.0
FAC00344,SME0236,Overdraft,7800.0,0.1891,2018-02-22,,0.0,0.0
FAC00345,SME0237,Overdraft,13500.0,0.169,2018-11-08,,0.0,0.0
FAC00346,SME0237,Term Loan,14700.0,0.135,2018-07-22,72,298.98,14700.0
FAC00347,SME0238,Overdraft,30100.0,0.1875,2021-08-19,,0.0,0.0
FAC00348,SME0238,Revolving Credit Facility,15800.0,0.0845,2022-08-17,84,111.26,15800.0
FAC00349,SME0239,Overdraft,66300.0,0.1795,2017-06-09,,0.0,0.0
FAC00350,SME0239,Term Loan,38400.0,0.0649,2020-06-13,60,751.16,38400.0
FAC00351,SME0240,Overdraft,7900.0,0.1333,2015-03-23,,0.0,0.0
FAC00352,SME0240,Term Loan,19200.0,0.0911,2018-10-13,60,399.59,19200.0
FAC00353,SME0241,Overdraft,58700.0,0.1341,2021-03-20,,0.0,0.0
FAC00354,SME0242,Overdraft,3800.0,0.1181,2021-12-15,,0.0,0.0
FAC00355,SME0242,Revolving Credit Facility,10000.0,0.0812,2021-05-19,60,67.67,10000.0
FAC00356,SME0243,Overdraft,46800.0,0.1183,2017-02-22,,0.0,0.0
FAC00357,SME0243,Term Loan,24500.0,0.1119,2016-11-07,72,468.72,24500.0
FAC00358,SME0244,Overdraft,155800.0,0.1521,2020-10-30,,0.0,0.0
FAC00359,SME0245,Overdraft,354800.0,0.1447,2017-09-06,,0.0,0.0
FAC00360,SME0246,Overdraft,35500.0,0.1134,2021-03-12,,0.0,0.0
FAC00361,SME0247,Overdraft,15000.0,0.1648,2020-02-18,,0.0,0.0
FAC00362,SME0247,Term Loan,16400.0,0.1169,2019-11-18,48,429.38,16400.0
FAC00363,SME0248,Overdraft,35500.0,0.172,2023-08-20,,0.0,0.0
FAC00364,SME0249,Overdraft,8700.0,0.1295,2009-07-26,,0.0,0.0
FAC00365,SME0250,Overdraft,245300.0,0.1272,2023-07-10,,0.0,0.0
FAC00366,SME0251,Overdraft,79700.0,0.1665,2021-01-19,,0.0,0.0
FAC00367,SME0251,Revolving Credit Facility,70100.0,0.0962,2021-08-11,60,561.97,70100.0
FAC00368,SME0252,Overdraft,26700.0,0.1585,2020-02-10,,0.0,0.0
FAC00369,SME0253,Overdraft,45800.0,0.1817,2014-07-01,,0.0,0.0
FAC00370,SME0253,Revolving Credit Facility,37000.0,0.114,2018-10-21,60,351.5,37000.0
FAC00371,SME0254,Overdraft,5000.0,0.171,2020-04-22,,0.0,0.0
FAC00372,SME0254,Term Loan,10000.0,0.0814,2022-08-19,48,244.79,10000.0
FAC00373,SME0255,Overdraft,14900.0,0.1141,2017-12-20,,0.0,0.0
FAC00374,SME0256,Overdraft,302800.0,0.1879,2015-02-09,,0.0,0.0
FAC00375,SME0256,Term Loan,401600.0,0.0809,2022-02-24,84,6277.45,401600.0
FAC00376,SME0257,Overdraft,3500.0,0.1286,2023-02-01,,0.0,0.0
FAC00377,SME0258,Overdraft,8600.0,0.1368,2021-08-21,,0.0,0.0
FAC00378,SME0259,Overdraft,26400.0,0.1185,2020-12-14,,0.0,0.0
FAC00379,SME0260,Overdraft,181200.0,0.1714,2023-07-07,,0.0,0.0
FAC00380,SME0261,Overdraft,9800.0,0.1816,2021-05-26,,0.0,0.0
FAC00381,SME0261,Term Loan,17800.0,0.0902,2022-06-05,48,443.12,17800.0
FAC00382,SME0262,Overdraft,47100.0,0.1333,2013-02-15,,0.0,0.0
FAC00383,SME0262,Invoice Finance,58300.0,0.1147,2020-04-15,84,557.25,58300.0
FAC00384,SME0263,Overdraft,19600.0,0.1709,2022-06-10,,0.0,0.0
FAC00385,SME0263,Term Loan,18400.0,0.085,2023-09-24,60,377.5,18400.0
FAC00386,SME0264,Overdraft,11200.0,0.1482,2018-11-27,,0.0,0.0
FAC00387,SME0264,Term Loan,20200.0,0.0619,2018-08-26,72,336.59,20200.0
FAC00388,SME0265,Overdraft,34700.0,0.1668,2018-11-28,,0.0,0.0
FAC00389,SME0266,Overdraft,134500.0,0.1626,2022-02-12,,0.0,0.0
FAC00390,SME0267,Overdraft,9100.0,0.1845,2021-05-03,,0.0,0.0
FAC00391,SME0268,Overdraft,38900.0,0.1441,2021-01-16,,0.0,0.0
FAC00392,SME0269,Overdraft,297500.0,0.1742,2021-03-15,,0.0,0.0
FAC00393,SME0269,Term Loan,193100.0,0.1174,2020-11-19,60,4270.08,193100.0
FAC00394,SME0270,Overdraft,107600.0,0.1337,2023-09-19,,0.0,0.0
FAC00395,SME0270,Revolving Credit Facility,67500.0,0.1317,2024-04-14,60,740.81,67500.0
FAC00396,SME0271,Overdraft,36400.0,0.1731,2011-02-09,,0.0,0.0
FAC00397,SME0272,Overdraft,128100.0,0.1504,2016-08-19,,0.0,0.0
FAC00398,SME0272,Term Loan,106500.0,0.1094,2022-04-17,60,2312.38,106500.0
FAC00399,SME0273,Overdraft,52400.0,0.1835,2021-02-03,,0.0,0.0
FAC00400,SME0274,Overdraft,17600.0,0.1843,2019-08-14,,0.0,0.0
FAC00401,SME0275,Overdraft,31500.0,0.1464,2015-05-17,,0.0,0.0
FAC00402,SME0276,Overdraft,11600.0,0.1868,2014-07-14,,0.0,0.0
FAC00403,SME0277,Overdraft,20200.0,0.1755,2011-07-30,,0.0,0.0
FAC00404,SME0278,Overdraft,12400.0,0.1268,2016-09-17,,0.0,0.0
FAC00405,SME0279,Overdraft,6200.0,0.1851,2022-10-30,,0.0,0.0
FAC00406,SME0280,Overdraft,741200.0,0.1705,2021-03-07,,0.0,0.0
FAC00407,SME0281,Overdraft,102200.0,0.1876,2017-05-23,,0.0,0.0
FAC00408,SME0282,Overdraft,1219300.0,0.1544,2020-05-07,,0.0,0.0
FAC00409,SME0282,Invoice Finance,1160900.0,0.075,2023-01-02,84,7255.62,1160900.0
FAC00410,SME0283,Overdraft,167700.0,0.1529,2022-09-21,,0.0,0.0
FAC00411,SME0283,Term Loan,139600.0,0.1082,2022-10-14,60,3022.73,139600.0
FAC00412,SME0284,Overdraft,45000.0,0.1541,2016-10-12,,0.0,0.0
FAC00413,SME0285,Overdraft,514300.0,0.183,2016-01-16,,0.0,0.0
FAC00414,SME0285,Revolving Credit Facility,219300.0,0.0961,2020-06-21,48,1756.23,219300.0
FAC00415,SME0286,Overdraft,37000.0,0.1563,2014-06-08,,0.0,0.0
FAC00416,SME0286,Term Loan,14700.0,0.0712,2018-11-17,72,251.47,14700.0
FAC00417,SME0287,Overdraft,39400.0,0.1277,2016-03-11,,0.0,0.0
FAC00418,SME0287,Invoice Finance,49700.0,0.1317,2017-07-26,72,545.46,49700.0
FAC00419,SME0288,Overdraft,114200.0,0.1549,2020-09-20,,0.0,0.0
FAC00420,SME0288,Invoice Finance,95900.0,0.088,2021-03-22,72,703.27,95900.0
FAC00421,SME0289,Overdraft,19000.0,0.1534,2019-04-14,,0.0,0.0
FAC00422,SME0290,Overdraft,116000.0,0.1742,2021-02-26,,0.0,0.0
FAC00423,SME0290,Invoice Finance,268200.0,0.1194,2022-11-01,48,2668.59,268200.0
FAC00424,SME0291,Overdraft,67800.0,0.1618,2023-03-27,,0.0,0.0
FAC00425,SME0291,Invoice Finance,92000.0,0.1282,2023-01-20,72,982.87,92000.0
FAC00426,SME0292,Overdraft,12700.0,0.1331,2018-06-15,,0.0,0.0
FAC00427,SME0293,Overdraft,197500.0,0.1557,2014-06-16,,0.0,0.0
FAC00428,SME0293,Term Loan,90200.0,0.1149,2020-01-31,60,1983.28,90200.0
FAC00429,SME0294,Overdraft,24000.0,0.1872,2023-07-21,,0.0,0.0
FAC00430,SME0295,Overdraft,491300.0,0.1294,2023-11-08,,0.0,0.0
FAC00431,SME0296,Overdraft,1629600.0,0.1116,2013-10-30,,0.0,0.0
FAC00432,SME0296,Term Loan,1402600.0,0.0902,2013-12-14,60,29129.29,1402600.0
FAC00433,SME0297,Overdraft,747200.0,0.1896,2020-07-12,,0.0,0.0
FAC00434,SME0297,Invoice Finance,720400.0,0.1015,2023-09-25,60,6093.38,720400.0
FAC00435,SME0298,Overdraft,60000.0,0.1778,2016-05-03,,0.0,0.0
FAC00436,SME0299,Overdraft,147000.0,0.1363,2019-01-28,,0.0,0.0
FAC00437,SME0300,Overdraft,24500.0,0.1328,2016-05-01,,0.0,0.0
FAC00438,SME0301,Overdraft,11100.0,0.1744,2002-04-08,,0.0,0.0
FAC00439,SME0302,Overdraft,18000.0,0.1459,2020-02-08,,0.0,0.0
FAC00440,SME0303,Overdraft,5000.0,0.1303,2017-01-06,,0.0,0.0
FAC00441,SME0303,Term Loan,12700.0,0.0935,2020-02-02,60,265.79,12700.0
FAC00442,SME0304,Overdraft,38400.0,0.1691,2017-09-21,,0.0,0.0
FAC00443,SME0304,Term Loan,33300.0,0.0665,2022-07-01,60,653.89,33300.0
FAC00444,SME0305,Overdraft,55500.0,0.1284,2021-10-10,,0.0,0.0
FAC00445,SME0305,Term Loan,25700.0,0.1319,2022-06-28,60,587.26,25700.0
FAC00446,SME0306,Overdraft,133200.0,0.1434,2019-03-14,,0.0,0.0
FAC00447,SME0306,Invoice Finance,110000.0,0.1298,2020-10-16,60,1189.83,110000.0
FAC00448,SME0307,Overdraft,169900.0,0.1352,2022-12-30,,0.0,0.0
FAC00449,SME0307,Term Loan,76200.0,0.1202,2022-04-23,72,1490.52,76200.0
FAC00450,SME0308,Overdraft,112300.0,0.1649,2012-10-08,,0.0,0.0
FAC00451,SME0308,Revolving Credit Facility,54700.0,0.1399,2018-03-30,72,637.71,54700.0
FAC00452,SME0309,Overdraft,32900.0,0.1794,2009-07-09,,0.0,0.0
FAC00453,SME0310,Overdraft,833800.0,0.1542,2021-05-11,,0.0,0.0
FAC00454,SME0310,Revolving Credit Facility,930000.0,0.0634,2022-04-29,72,4913.5,930000.0
FAC00455,SME0311,Overdraft,24400.0,0.1141,1993-01-01,,0.0,0.0
FAC00456,SME0312,Overdraft,74500.0,0.1225,2017-01-26,,0.0,0.0
FAC00457,SME0313,Overdraft,8100.0,0.1787,2020-11-06,,0.0,0.0
FAC00458,SME0313,Revolving Credit Facility,15800.0,0.1294,2023-10-27,48,170.38,15800.0
FAC00459,SME0314,Overdraft,199400.0,0.146,2023-01-01,,0.0,0.0
FAC00460,SME0314,Term Loan,315700.0,0.1016,2022-10-30,48,8031.25,315700.0
FAC00461,SME0315,Overdraft,11700.0,0.144,2016-09-22,,0.0,0.0
FAC00462,SME0316,Overdraft,47700.0,0.1499,2019-06-05,,0.0,0.0
FAC00463,SME0316,Term Loan,26300.0,0.1135,2024-01-06,84,455.17,26300.0
FAC00464,SME0317,Overdraft,13200.0,0.1641,2018-06-07,,0.0,0.0
FAC00465,SME0317,Invoice Finance,10000.0,0.0883,2020-10-07,48,73.58,10000.0
FAC00466,SME0318,Overdraft,15900.0,0.1168,2022-08-14,,0.0,0.0
FAC00467,SME0319,Overdraft,19300.0,0.1292,2008-08-08,,0.0,0.0
FAC00468,SME0319,Term Loan,16200.0,0.1225,2012-12-05,84,288.14,16200.0
FAC00469,SME0320,Overdraft,7100.0,0.1825,2020-03-25,,0.0,0.0
FAC00470,SME0321,Overdraft,766800.0,0.1236,2019-04-08,,0.0,0.0
FAC00471,SME0321,Term Loan,640400.0,0.0621,2019-06-05,48,15101.55,640400.0
FAC00472,SME0322,Overdraft,40400.0,0.1646,2018-11-05,,0.0,0.0
FAC00473,SME0322,Term Loan,36100.0,0.1153,2022-04-24,48,942.34,36100.0
FAC00474,SME0323,Overdraft,32600.0,0.1284,2018-12-29,,0.0,0.0
FAC00475,SME0324,Overdraft,86800.0,0.126,2018-08-08,,0.0,0.0
FAC00476,SME0324,Invoice Finance,90500.0,0.0748,2023-07-13,60,564.12,90500.0
FAC00477,SME0325,Overdraft,189200.0,0.1251,2018-12-17,,0.0,0.0
FAC00478,SME0326,Overdraft,65600.0,0.13,2022-09-28,,0.0,0.0
FAC00479,SME0327,Overdraft,2730000.0,0.1762,2022-06-05,,0.0,0.0
FAC00480,SME0327,Term Loan,2124400.0,0.1182,2022-10-12,72,41333.84,2124400.0
FAC00481,SME0328,Overdraft,29400.0,0.1667,2019-09-02,,0.0,0.0
FAC00482,SME0329,Overdraft,4900.0,0.1865,2023-09-09,,0.0,0.0
FAC00483,SME0330,Overdraft,321100.0,0.1506,2016-04-22,,0.0,0.0
FAC00484,SME0330,Revolving Credit Facility,210600.0,0.108,2023-11-19,48,1895.4,210600.0
FAC00485,SME0331,Overdraft,221000.0,0.1114,2020-03-11,,0.0,0.0
FAC00486,SME0331,Invoice Finance,60600.0,0.0918,2022-09-02,84,463.59,60600.0
FAC00487,SME0332,Overdraft,34700.0,0.1277,2021-09-19,,0.0,0.0
FAC00488,SME0333,Overdraft,1830100.0,0.1427,2016-03-17,,0.0,0.0
FAC00489,SME0333,Revolving Credit Facility,2635200.0,0.1118,2019-12-12,72,24551.28,2635200.0
FAC00490,SME0334,Overdraft,66100.0,0.1113,2023-01-28,,0.0,0.0
FAC00491,SME0334,Term Loan,54500.0,0.1188,2022-09-21,48,1431.99,54500.0
FAC00492,SME0335,Overdraft,15200.0,0.1243,2008-04-08,,0.0,0.0
FAC00493,SME0335,Term Loan,10000.0,0.1116,2013-04-15,72,191.16,10000.0
FAC00494,SME0336,Overdraft,176300.0,0.1203,2020-03-04,,0.0,0.0
FAC00495,SME0336,Revolving Credit Facility,225500.0,0.0664,2019-09-23,48,1247.77,225500.0
FAC00496,SME0337,Overdraft,90700.0,0.181,2018-11-27,,0.0,0.0
FAC00497,SME0338,Overdraft,93600.0,0.1519,2000-05-12,,0.0,0.0
FAC00498,SME0339,Overdraft,46600.0,0.1397,2019-06-30,,0.0,0.0
FAC00499,SME0339,Term Loan,70400.0,0.0677,2023-12-24,48,1678.31,70400.0
FAC00500,SME0340,Overdraft,19300.0,0.1335,2018-07-26,,0.0,0.0
FAC00501,SME0341,Overdraft,60200.0,0.1639,2014-05-30,,0.0,0.0
FAC00502,SME0342,Overdraft,69400.0,0.1149,2008-11-03,,0.0,0.0
FAC00503,SME0343,Overdraft,268300.0,0.1144,2012-09-22,,0.0,0.0
FAC00504,SME0344,Overdraft,16200.0,0.1692,2014-10-17,,0.0,0.0
FAC00505,SME0345,Overdraft,220500.0,0.1451,2015-08-23,,0.0,0.0
FAC00506,SME0346,Overdraft,513700.0,0.1692,2017-06-02,,0.0,0.0
FAC00507,SME0346,Revolving Credit Facility,164900.0,0.1,2017-04-16,72,1374.17,164900.0
FAC00508,SME0347,Overdraft,1088700.0,0.147,2020-12-10,,0.0,0.0
FAC00509,SME0347,Term Loan,442200.0,0.1023,2021-02-20,60,9445.56,442200.0
FAC00510,SME0348,Overdraft,97800.0,0.1724,2001-10-17,,0.0,0.0
FAC00511,SME0348,Term Loan,66900.0,0.064,2004-03-27,48,1583.45,66900.0
FAC00512,SME0349,Overdraft,37200.0,0.149,2016-04-24,,0.0,0.0
FAC00513,SME0349,Revolving Credit Facility,86800.0,0.1035,2021-05-25,60,748.65,86800.0
FAC00514,SME0350,Overdraft,11600.0,0.115,2008-08-24,,0.0,0.0
FAC00515,SME0350,Revolving Credit Facility,10600.0,0.064,2019-03-02,48,56.53,10600.0
FAC00516,SME0351,Overdraft,21100.0,0.1356,2010-02-11,,0.0,0.0
FAC00517,SME0352,Overdraft,53300.0,0.1263,2010-08-10,,0.0,0.0
FAC00518,SME0352,Term Loan,21600.0,0.0701,2019-11-08,60,427.81,21600.0
FAC00519,SME0353,Overdraft,84500.0,0.1345,2014-06-30,,0.0,0.0
FAC00520,SME0353,Revolving Credit Facility,50500.0,0.0662,2016-05-23,84,278.59,50500.0
FAC00521,SME0354,Overdraft,59300.0,0.1869,2009-11-08,,0.0,0.0
FAC00522,SME0355,Overdraft,336100.0,0.1447,2020-06-21,,0.0,0.0
FAC00523,SME0355,Invoice Finance,410200.0,0.0731,2023-02-21,60,2498.8,410200.0
FAC00524,SME0356,Overdraft,85900.0,0.1492,2021-02-01,,0.0,0.0
FAC00525,SME0357,Overdraft,18200.0,0.1683,2017-07-12,,0.0,0.0
FAC00526,SME0358,Overdraft,3400.0,0.1688,2020-06-18,,0.0,0.0
FAC00527,SME0359,Overdraft,903500.0,0.15,2019-09-08,,0.0,0.0
FAC00528,SME0360,Overdraft,66100.0,0.1867,2014-04-04,,0.0,0.0
FAC00529,SME0361,Overdraft,259300.0,0.172,2004-12-03,,0.0,0.0
FAC00530,SME0361,Term Loan,274200.0,0.0609,2004-11-20,48,6450.92,274200.0
FAC00531,SME0362,Overdraft,230700.0,0.1569,2011-01-01,,0.0,0.0
FAC00532,SME0362,Term Loan,67700.0,0.0778,2018-09-27,60,1365.59,67700.0
FAC00533,SME0363,Overdraft,1734700.0,0.1111,2014-01-19,,0.0,0.0
FAC00534,SME0363,Term Loan,2314500.0,0.0868,2018-12-10,60,47686.56,2314500.0
FAC00535,SME0364,Overdraft,479400.0,0.122,2022-08-17,,0.0,0.0
FAC00536,SME0364,Revolving Credit Facility,151900.0,0.1264,2022-05-12,84,1600.01,151900.0
FAC00537,SME0365,Overdraft,77900.0,0.1586,2020-12-02,,0.0,0.0
FAC00538,SME0366,Overdraft,9200.0,0.143,2021-02-06,,0.0,0.0
FAC00539,SME0367,Overdraft,342700.0,0.1185,2019-08-17,,0.0,0.0
FAC00540,SME0367,Term Loan,160300.0,0.1006,2021-12-13,48,4070.24,160300.0
FAC00541,SME0368,Overdraft,27800.0,0.1245,2013-12-17,,0.0,0.0
FAC00542,SME0368,Term Loan,23900.0,0.1013,2017-08-03,72,444.34,23900.0
FAC00543,SME0369,Overdraft,14000.0,0.1146,2019-05-28,,0.0,0.0
FAC00544,SME0369,Invoice Finance,10000.0,0.0935,2022-01-28,48,77.92,10000.0
FAC00545,SME0370,Overdraft,15900.0,0.147,2015-01-01,,0.0,0.0
FAC00546,SME0370,Term Loan,14700.0,0.076,2022-12-31,48,356.12,14700.0
FAC00547,SME0371,Overdraft,30900.0,0.176,2017-09-04,,0.0,0.0
FAC00548,SME0372,Overdraft,137900.0,0.1806,2021-08-22,,0.0,0.0
FAC00549,SME0372,Revolving Credit Facility,123900.0,0.0737,2022-12-10,72,760.95,123900.0
FAC00550,SME0373,Overdraft,21500.0,0.175,2020-07-28,,0.0,0.0
FAC00551,SME0373,Term Loan,10000.0,0.1368,2021-09-01,48,271.66,10000.0
FAC00552,SME0374,Overdraft,459800.0,0.1152,2015-02-18,,0.0,0.0
FAC00553,SME0374,Term Loan,850200.0,0.083,2019-08-06,72,15031.61,850200.0
FAC00554,SME0375,Overdraft,14100.0,0.1467,2018-04-23,,0.0,0.0
FAC00555,SME0376,Overdraft,748800.0,0.1367,2018-10-05,,0.0,0.0
FAC00556,SME0376,Term Loan,1373900.0,0.0735,2023-04-12,60,27432.31,1373900.0
FAC00557,SME0377,Overdraft,277400.0,0.137,2019-05-25,,0.0,0.0
FAC00558,SME0377,Revolving Credit Facility,168200.0,0.1297,2019-03-27,72,1817.96,168200.0
FAC00559,SME0378,Overdraft,8500.0,0.1673,2017-05-01,,0.0,0.0
FAC00560,SME0378,Invoice Finance,10400.0,0.1058,2017-10-20,48,91.69,10400.0
FAC00561,SME0379,Overdraft,63800.0,0.1238,2013-01-25,,0.0,0.0
FAC00562,SME0380,Overdraft,84100.0,0.1433,2013-01-06,,0.0,0.0
FAC00563,SME0381,Overdraft,21600.0,0.1398,2018-08-11,,0.0,0.0
FAC00564,SME0382,Overdraft,12300.0,0.125,2022-11-05,,0.0,0.0
FAC00565,SME0382,Term Loan,21500.0,0.1044,2023-12-08,84,361.83,21500.0
FAC00566,SME0383,Overdraft,143800.0,0.1715,2011-08-30,,0.0,0.0
FAC00567,SME0383,Invoice Finance,150800.0,0.1177,2014-04-27,48,1479.1,150800.0
FAC00568,SME0384,Overdraft,82800.0,0.1621,2018-05-26,,0.0,0.0
FAC00569,SME0384,Term Loan,61500.0,0.1268,2022-10-12,48,1640.14,61500.0
FAC00570,SME0385,Overdraft,4900.0,0.1809,2022-07-02,,0.0,0.0
FAC00571,SME0385,Term Loan,11500.0,0.1278,2024-04-20,60,260.37,11500.0
FAC00572,SME0386,Overdraft,24300.0,0.1532,2016-04-23,,0.0,0.0
FAC00573,SME0386,Term Loan,20800.0,0.1279,2023-12-30,60,471.03,20800.0
FAC00574,SME0387,Overdraft,7300.0,0.1314,2020-02-05,,0.0,0.0
FAC00575,SME0387,Term Loan,10000.0,0.1231,2023-02-01,60,224.01,10000.0
FAC00576,SME0388,Overdraft,36000.0,0.1652,2013-05-01,,0.0,0.0
FAC00577,SME0388,Invoice Finance,31800.0,0.0894,2017-03-02,48,236.91,31800.0
FAC00578,SME0389,Overdraft,225700.0,0.1117,2010-09-28,,0.0,0.0
FAC00579,SME0389,Term Loan,213600.0,0.0604,2013-08-24,60,4133.46,213600.0
FAC00580,SME0390,Overdraft,127700.0,0.1439,2022-04-11,,0.0,0.0
FAC00581,SME0391,Overdraft,604100.0,0.1332,2010-05-01,,0.0,0.0
FAC00582,SME0391,Revolving Credit Facility,317200.0,0.0886,2019-11-27,72,2341.99,317200.0
FAC00583,SME0392,Overdraft,148100.0,0.1419,2019-05-29,,0.0,0.0
FAC00584,SME0392,Term Loan,116500.0,0.0643,2020-04-09,48,2759.03,116500.0
FAC00585,SME0393,Overdraft,48400.0,0.1222,2010-01-03,,0.0,0.0
FAC00586,SME0394,Overdraft,343300.0,0.1739,2018-08-03,,0.0,0.0
FAC00587,SME0395,Overdraft,26000.0,0.1599,2021-01-10,,0.0,0.0
FAC00588,SME0396,Overdraft,11000.0,0.1199,2012-12-15,,0.0,0.0
FAC00589,SME0397,Overdraft,39600.0,0.1324,2019-01-28,,0.0,0.0
FAC00590,SME0398,Overdraft,50900.0,0.1864,2019-09-29,,0.0,0.0
FAC00591,SME0399,Overdraft,60800.0,0.1287,2019-09-13,,0.0,0.0
FAC00592,SME0400,Overdraft,44000.0,0.1183,2004-09-28,,0.0,0.0
FAC00593,SME0400,Term Loan,19100.0,0.1156,2004-08-14,60,420.63,19100.0
FAC00594,SME0401,Overdraft,5400.0,0.189,2023-03-18,,0.0,0.0
FAC00595,SME0402,Overdraft,19800.0,0.1415,2008-05-04,,0.0,0.0
FAC00596,SME0403,Overdraft,26200.0,0.1516,2009-07-30,,0.0,0.0
FAC00597,SME0404,Overdraft,34800.0,0.159,2024-05-04,,0.0,0.0
FAC00598,SME0405,Overdraft,463100.0,0.1341,2022-01-18,,0.0,0.0
FAC00599,SME0405,Term Loan,1181300.0,0.0845,2024-06-17,60,24207.72,1181300.0
FAC00600,SME0406,Overdraft,14900.0,0.1898,2019-10-30,,0.0,0.0
FAC00601,SME0407,Overdraft,570000.0,0.1198,2021-12-26,,0.0,0.0
FAC00602,SME0407,Term Loan,538000.0,0.0944,2022-09-23,48,13500.84,538000.0
FAC00603,SME0408,Overdraft,3489000.0,0.1424,2018-12-29,,0.0,0.0
FAC00604,SME0408,Invoice Finance,850300.0,0.1319,2020-12-23,72,9346.21,850300.0
FAC00605,SME0409,Overdraft,2781400.0,0.1161,2017-12-24,,0.0,0.0
FAC00606,SME0409,Revolving Credit Facility,2067600.0,0.1062,2022-12-24,48,18298.26,2067600.0
FAC00607,SME0410,Overdraft,164600.0,0.1682,2013-07-16,,0.0,0.0
FAC00608,SME0410,Term Loan,92700.0,0.0731,2023-10-29,72,1594.28,92700.0
FAC00609,SME0411,Overdraft,333200.0,0.1746,2015-04-11,,0.0,0.0
FAC00610,SME0411,Term Loan,383200.0,0.1278,2016-10-16,60,8675.88,383200.0
FAC00611,SME0412,Overdraft,57000.0,0.1571,2021-01-16,,0.0,0.0
FAC00612,SME0413,Overdraft,177600.0,0.1321,2019-03-12,,0.0,0.0
FAC00613,SME0414,Overdraft,51200.0,0.1207,2015-02-28,,0.0,0.0
FAC00614,SME0415,Overdraft,85100.0,0.1561,2015-09-20,,0.0,0.0
FAC00615,SME0415,Revolving Credit Facility,132200.0,0.0763,2017-12-20,84,840.57,132200.0
FAC00616,SME0416,Overdraft,4110300.0,0.1676,2021-05-07,,0.0,0.0
FAC00617,SME0416,Invoice Finance,2719100.0,0.0953,2022-12-10,48,21594.19,2719100.0
FAC00618,SME0417,Overdraft,19800.0,0.1446,2005-11-10,,0.0,0.0
FAC00619,SME0418,Overdraft,186700.0,0.1687,2016-05-13,,0.0,0.0
FAC00620,SME0418,Revolving Credit Facility,380400.0,0.1395,2023-02-22,60,4422.15,380400.0
FAC00621,SME0419,Overdraft,73300.0,0.1822,2014-11-17,,0.0,0.0
FAC00622,SME0420,Overdraft,32500.0,0.1154,2016-06-25,,0.0,0.0
FAC00623,SME0420,Term Loan,22100.0,0.1044,2016-02-15,60,474.36,22100.0
FAC00624,SME0421,Overdraft,577200.0,0.1367,2009-05-01,,0.0,0.0
FAC00625,SME0421,Invoice Finance,506800.0,0.1221,2012-06-13,48,5156.69,506800.0
FAC00626,SME0422,Overdraft,28000.0,0.119,1981-03-28,,0.0,0.0
FAC00627,SME0422,Term Loan,26800.0,0.1321,1996-10-01,72,540.96,26800.0
FAC00628,SME0423,Overdraft,39900.0,0.1319,2019-08-04,,0.0,0.0
FAC00629,SME0423,Term Loan,73800.0,0.0671,2022-02-18,72,1247.96,73800.0
FAC00630,SME0424,Overdraft,33800.0,0.1202,2021-05-26,,0.0,0.0
FAC00631,SME0424,Invoice Finance,18900.0,0.0681,2024-04-04,72,107.26,18900.0
FAC00632,SME0425,Overdraft,28200.0,0.1173,2016-02-16,,0.0,0.0
FAC00633,SME0425,Term Loan,22600.0,0.0785,2020-12-07,72,394.6,22600.0
FAC00634,SME0426,Overdraft,11600.0,0.1786,2020-06-20,,0.0,0.0
FAC00635,SME0426,Term Loan,10000.0,0.0829,2020-05-23,48,245.49,10000.0
FAC00636,SME0427,Overdraft,3900.0,0.1376,2015-11-20,,0.0,0.0
FAC00637,SME0428,Overdraft,161300.0,0.1639,2022-02-12,,0.0,0.0
FAC00638,SME0429,Overdraft,1202400.0,0.1341,2016-06-15,,0.0,0.0
FAC00639,SME0429,Invoice Finance,435300.0,0.1137,2017-08-02,72,4124.47,435300.0
FAC00640,SME0430,Overdraft,6600.0,0.1511,2018-01-26,,0.0,0.0
FAC00641,SME0430,Term Loan,11400.0,0.1009,2021-10-19,72,211.71,11400.0
FAC00642,SME0431,Overdraft,223400.0,0.183,2018-11-23,,0.0,0.0
FAC00643,SME0432,Overdraft,65100.0,0.1682,2019-08-09,,0.0,0.0
FAC00644,SME0432,Term Loan,94200.0,0.1072,2020-09-04,48,2421.86,94200.0
FAC00645,SME0433,Overdraft,27700.0,0.1566,2021-03-05,,0.0,0.0
FAC00646,SME0434,Overdraft,42100.0,0.1371,2015-09-14,,0.0,0.0
FAC00647,SME0435,Overdraft,3600.0,0.1438,2010-05-30,,0.0,0.0
FAC00648,SME0436,Overdraft,4500.0,0.155,2007-11-16,,0.0,0.0
FAC00649,SME0437,Overdraft,18100.0,0.127,2020-10-23,,0.0,0.0
FAC00650,SME0438,Overdraft,19600.0,0.1368,2016-11-21,,0.0,0.0
FAC00651,SME0439,Overdraft,278400.0,0.1217,2020-03-28,,0.0,0.0
FAC00652,SME0440,Overdraft,14200.0,0.1718,2014-09-28,,0.0,0.0
FAC00653,SME0441,Overdraft,8400.0,0.1341,2017-08-07,,0.0,0.0
FAC00654,SME0442,Overdraft,202200.0,0.1677,2023-05-10,,0.0,0.0
FAC00655,SME0443,Overdraft,30700.0,0.1662,2015-08-25,,0.0,0.0
FAC00656,SME0444,Overdraft,8300.0,0.1465,2021-05-22,,0.0,0.0
FAC00657,SME0445,Overdraft,349400.0,0.1453,2017-09-26,,0.0,0.0
FAC00658,SME0445,Term Loan,261000.0,0.0604,2021-09-12,48,6134.38,261000.0
FAC00659,SME0446,Overdraft,8000.0,0.1856,2014-02-22,,0.0,0.0
FAC00660,SME0447,Overdraft,108400.0,0.1391,2017-01-17,,0.0,0.0
FAC00661,SME0447,Term Loan,70300.0,0.137,2022-01-29,72,1437.31,70300.0
FAC00662,SME0448,Overdraft,35200.0,0.1773,2021-09-24,,0.0,0.0
FAC00663,SME0448,Term Loan,69300.0,0.1125,2024-05-11,48,1799.52,69300.0
FAC00664,SME0449,Overdraft,6194000.0,0.126,2020-12-28,,0.0,0.0
FAC00665,SME0449,Term Loan,5072600.0,0.1186,2021-04-20,60,112478.64,5072600.0
FAC00666,SME0450,Overdraft,73300.0,0.1756,2010-06-02,,0.0,0.0
FAC00667,SME0451,Overdraft,8200.0,0.1412,2019-07-02,,0.0,0.0
FAC00668,SME0452,Overdraft,80400.0,0.1265,2015-04-03,,0.0,0.0
FAC00669,SME0452,Term Loan,104400.0,0.1016,2021-01-29,48,2655.88,104400.0
FAC00670,SME0453,Overdraft,70900.0,0.1621,2021-01-06,,0.0,0.0
FAC00671,SME0454,Overdraft,18600.0,0.1143,2019-10-18,,0.0,0.0
FAC00672,SME0454,Term Loan,15500.0,0.1296,2022-01-21,60,352.36,15500.0
FAC00673,SME0455,Overdraft,480900.0,0.1675,2015-07-19,,0.0,0.0
FAC00674,SME0455,Invoice Finance,119800.0,0.1038,2022-03-18,60,1036.27,119800.0
FAC00675,SME0456,Overdraft,4100.0,0.1138,2021-10-28,,0.0,0.0
FAC00676,SME0456,Term Loan,10000.0,0.116,2023-06-07,48,261.38,10000.0
FAC00677,SME0457,Overdraft,63600.0,0.1786,2021-06-23,,0.0,0.0
FAC00678,SME0458,Overdraft,14000.0,0.1871,2024-07-16,,0.0,0.0
FAC00679,SME0458,Invoice Finance,26400.0,0.1258,2023-11-22,72,276.76,26400.0
FAC00680,SME0459,Overdraft,19800.0,0.1671,2015-01-16,,0.0,0.0
FAC00681,SME0460,Overdraft,321000.0,0.144,2017-04-17,,0.0,0.0
FAC00682,SME0461,Overdraft,3800.0,0.1332,2016-09-18,,0.0,0.0
FAC00683,SME0462,Overdraft,10300.0,0.1822,2010-02-24,,0.0,0.0
FAC00684,SME0462,Term Loan,10000.0,0.1207,2019-02-03,84,176.9,10000.0
FAC00685,SME0463,Overdraft,7700.0,0.1192,2021-09-23,,0.0,0.0
FAC00686,SME0464,Overdraft,4700.0,0.1554,2005-05-04,,0.0,0.0
FAC00687,SME0465,Overdraft,31700.0,0.1637,2016-05-29,,0.0,0.0
FAC00688,SME0466,Overdraft,3500.0,0.1377,2019-04-10,,0.0,0.0
FAC00689,SME0466,Revolving Credit Facility,10000.0,0.0979,2019-04-09,48,81.58,10000.0
FAC00690,SME0467,Overdraft,4000.0,0.1848,2019-09-19,,0.0,0.0
FAC00691,SME0467,Revolving Credit Facility,10000.0,0.0609,2023-09-22,48,50.75,10000.0
FAC00692,SME0468,Overdraft,221000.0,0.1402,2018-04-05,,0.0,0.0
FAC00693,SME0468,Term Loan,187400.0,0.0781,2018-05-29,48,4558.29,187400.0
FAC00694,SME0469,Overdraft,35700.0,0.1376,2018-07-23,,0.0,0.0
FAC00695,SME0470,Overdraft,129200.0,0.1859,2020-12-09,,0.0,0.0
FAC00696,SME0470,Term Loan,74800.0,0.1159,2024-07-02,72,1446.46,74800.0
FAC00697,SME0471,Overdraft,7700.0,0.1107,2011-07-04,,0.0,0.0
FAC00698,SME0472,Overdraft,86800.0,0.1358,2021-06-17,,0.0,0.0
FAC00699,SME0473,Overdraft,30900.0,0.1251,2021-02-09,,0.0,0.0
FAC00700,SME0474,Overdraft,2378600.0,0.16,2020-10-24,,0.0,0.0
FAC00701,SME0474,Term Loan,1947000.0,0.119,2024-01-02,60,43211.62,1947000.0
FAC00702,SME0475,Overdraft,14200.0,0.1233,2022-12-09,,0.0,0.0
FAC00703,SME0476,Overdraft,132400.0,0.1711,2022-02-27,,0.0,0.0
FAC00704,SME0476,Revolving Credit Facility,234600.0,0.1139,2023-07-10,72,2226.75,234600.0
FAC00705,SME0477,Overdraft,14100.0,0.1589,2017-03-11,,0.0,0.0
FAC00706,SME0478,Overdraft,28300.0,0.1258,2018-01-17,,0.0,0.0
FAC00707,SME0479,Overdraft,128500.0,0.1871,2023-10-13,,0.0,0.0
FAC00708,SME0480,Overdraft,46500.0,0.1847,2019-04-26,,0.0,0.0
FAC00709,SME0481,Overdraft,37000.0,0.1489,2022-06-26,,0.0,0.0
FAC00710,SME0482,Overdraft,1062700.0,0.1615,2019-09-10,,0.0,0.0
FAC00711,SME0482,Term Loan,599600.0,0.123,2023-03-09,60,13428.85,599600.0
FAC00712,SME0483,Overdraft,1329600.0,0.1624,2019-03-27,,0.0,0.0
FAC00713,SME0484,Overdraft,27600.0,0.1329,2015-03-09,,0.0,0.0
FAC00714,SME0484,Term Loan,34700.0,0.0672,2016-09-30,48,826.43,34700.0
FAC00715,SME0485,Overdraft,23800.0,0.1268,2019-06-29,,0.0,0.0
FAC00716,SME0486,Overdraft,109600.0,0.1453,2008-12-14,,0.0,0.0
FAC00717,SME0486,Invoice Finance,82900.0,0.1338,2011-12-27,72,924.34,82900.0
FAC00718,SME0487,Overdraft,9500.0,0.1831,2021-04-13,,0.0,0.0
FAC00719,SME0488,Overdraft,823500.0,0.1608,2021-03-16,,0.0,0.0
FAC00720,SME0488,Term Loan,1075600.0,0.1215,2024-06-13,60,24007.74,1075600.0
FAC00721,SME0489,Overdraft,77500.0,0.1241,2014-07-26,,0.0,0.0
FAC00722,SME0489,Term Loan,30900.0,0.0894,2022-07-12,84,496.21,30900.0
FAC00723,SME0490,Overdraft,32000.0,0.1356,2021-10-01,,0.0,0.0
FAC00724,SME0490,Term Loan,17700.0,0.1026,2023-09-20,84,296.22,17700.0
FAC00725,SME0491,Overdraft,141700.0,0.1896,2015-09-02,,0.0,0.0
FAC00726,SME0492,Overdraft,115100.0,0.1744,2021-09-04,,0.0,0.0
FAC00727,SME0492,Revolving Credit Facility,156600.0,0.1227,2021-06-27,48,1601.23,156600.0
FAC00728,SME0493,Overdraft,78000.0,0.1131,2011-08-27,,0.0,0.0
FAC00729,SME0494,Overdraft,66600.0,0.1651,2021-05-14,,0.0,0.0
FAC00730,SME0494,Term Loan,31500.0,0.1234,2023-09-08,48,834.78,31500.0
FAC00731,SME0495,Overdraft,153000.0,0.1139,2023-08-07,,0.0,0.0
FAC00732,SME0496,Overdraft,26000.0,0.1573,2020-11-05,,0.0,0.0
FAC00733,SME0497,Overdraft,3000.0,0.1574,2019-10-11,,0.0,0.0
FAC00734,SME0498,Overdraft,112900.0,0.1352,2020-06-03,,0.0,0.0
FAC00735,SME0498,Invoice Finance,41000.0,0.1237,2023-04-28,48,422.64,41000.0
FAC00736,SME0499,Overdraft,3000.0,0.1223,2020-01-16,,0.0,0.0
FAC00737,SME0500,Overdraft,7200.0,0.1739,2021-07-14,,0.0,0.0
FAC00738,SME0500,Term Loan,10000.0,0.0805,2022-09-16,60,203.0,10000.0
