sme_id,business_name,sector,size_band,region,annual_turnover_gbp,deteriorating_flag,ever_breached_overdraft,annual_operating_cf,annual_debt_service,avg_balance,min_balance,days_observed,days_overdrawn,days_breached,pct_days_overdrawn,available_liquidity,dscr,runway_months
SME0001,Vantage Retail,Retail,Micro,North West,154514.89,False,False,34075.965,0.0,41082.48110807114,15420.09,731,0,0,0.0,90765.66,,
SME0002,Beacon Contractors,Construction,Micro,London,349537.97,True,True,-18138.86,4198.4400000000005,-30857.123543091653,-92495.48,731,701,210,0.959,-28108.78,-4.32,0.0
SME0003,Kestrel Consulting Ltd,Professional Services,Small,London,1036997.68,False,False,10278.684999999987,0.0,94323.31915184678,-22500.36,731,26,0,0.0356,166837.97,,
SME0004,Clearwater Trading Ltd,Retail,Small,London,1497654.43,False,False,349718.885,21697.079999999998,402032.111874145,155780.28,731,0,0,0.0,911856.4,16.12,
SME0005,Kingsway Distribution Ltd,Wholesale,Micro,London,162547.66,False,False,30816.015,0.0,27572.29552667579,-805.13,731,12,0,0.0164,84684.35,,
SME0006,Kestrel Stores Ltd,Retail,Micro,London,630545.14,False,True,-65542.72,0.0,-10806.35756497948,-95269.92,731,350,247,0.4788,-55325.45,,0.0
SME0007,Thornbury Haulage Ltd,Transport & Logistics,Small,South East,790526.75,False,False,94139.435,3591.3599999999997,118922.78822161422,8234.04,731,0,0,0.0,278907.35,26.21,
SME0008,Crown Stores Ltd,Retail,Small,North East,2838539.08,False,False,518234.30999999994,0.0,771652.2931326949,232404.35,731,0,0,0.0,1537116.75,,
SME0009,Oakfield Taverns,Hospitality,Small,South West,2067049.14,False,True,-194272.91499999998,27619.800000000003,56157.82815321478,-264380.13,731,263,100,0.3598,-116748.25,-7.03,0.0
SME0010,Cobalt Partners Ltd,Professional Services,Micro,South East,224551.53,False,False,36037.79,0.0,31811.13997264022,-4651.57,731,12,0,0.0164,93911.84,,
SME0011,Pinnacle Kitchen,Hospitality,Micro,Wales,186748.38,False,False,38280.77,0.0,55527.34045143639,12732.96,731,0,0,0.0,106727.5,,
SME0012,Beacon Care Ltd,Health & Care,Small,West Midlands,651701.26,False,False,251245.29000000004,0.0,226164.94110807113,35263.52,731,0,0,0.0,609639.09,,
SME0013,Crown Outlets Ltd,Retail,Small,London,2707303.26,False,False,200801.345,0.0,459211.9241723666,182194.79,731,0,0,0.0,807061.55,,
SME0014,Bramble Outlets Ltd,Retail,Micro,West Midlands,280390.72,False,False,55642.564999999995,3756.6000000000004,48769.34098495212,9856.1,731,0,0,0.0,125919.16,14.81,
SME0015,Vantage Trading Ltd,Retail,Micro,Scotland,30431.54,False,False,4941.485,2973.12,5506.864582763338,1925.52,731,0,0,0.0,12110.81,1.66,
SME0016,Northgate Logistics Ltd,Transport & Logistics,Micro,West Midlands,778726.37,False,False,113130.08,0.0,117735.47942544459,-6152.46,731,1,0,0.0014,326226.57,,
SME0017,Clearwater Logistics & Co,Transport & Logistics,Micro,North West,653688.92,False,True,-31989.509999999995,5356.08,-54444.16212038304,-159067.91,731,689,267,0.9425,-29851.350000000006,-5.97,0.0
SME0018,Marlow Haulage Ltd,Transport & Logistics,Micro,London,276726.35,False,False,77687.605,0.0,70362.80545827633,2677.79,731,0,0,0.0,193490.6,,
SME0019,Cobalt Groundworks Ltd,Construction,Small,Wales,1734693.27,False,False,777030.1950000001,0.0,603965.0898221615,30872.75,731,0,0,0.0,1779058.78,,
SME0020,Oakfield Contractors Ltd,Construction,Micro,Scotland,258209.17,False,False,78183.175,0.0,52433.48738714091,-9926.83,731,71,0,0.0971,187045.35,,
SME0021,Harbour Outlets,Retail,Medium,London,9193965.35,False,True,-1640859.8049999997,74526.48,137578.46831737345,-2141463.73,731,277,217,0.3789,-1758338.77,-22.02,0.0
SME0022,Riverside Supplies,Wholesale,Small,London,471502.67,False,False,120567.53000000001,0.0,95499.09629274966,5234.16,731,0,0,0.0,303759.8,,
SME0023,Fairlead Farms,Agriculture,Micro,East Midlands,268586.52,False,True,9703.015000000001,0.0,-29782.38299589603,-49664.37,731,730,55,0.9986,34453.83,,
SME0024,Ashcroft Hospitality Ltd,Hospitality,Micro,East Midlands,265622.51,False,True,-54984.295000000006,0.0,-13398.551860465117,-93943.06,731,400,299,0.5472,-81143.06,,0.0
SME0025,Kestrel Associates,Professional Services,Micro,South West,248082.22,False,False,56337.06,3689.16,33359.362653898774,-12686.1,731,85,0,0.1163,122933.12,15.27,
SME0026,Riverside Catering Ltd,Hospitality,Small,North East,466231.24,False,False,9380.699999999999,11033.52,64177.205554035565,29664.71,731,0,0,0.0,67793.11,0.85,
SME0027,Riverside Partners Ltd,Professional Services,Micro,North East,714201.52,False,False,326811.235,0.0,229845.33119015046,-31661.57,731,67,0,0.0917,712334.28,,
SME0028,Harbour Catering Ltd,Hospitality,Micro,East Midlands,34644.8,False,False,1013.0699999999998,0.0,5670.27,2353.04,731,0,0,0.0,8139.25,,
SME0029,Marlow Software LLP,IT & Software,Micro,East Midlands,96502.01,False,False,13198.05,764.04,15219.383638850888,-576.93,731,4,0,0.0055,40359.6,17.27,
SME0030,Clearwater Outlets,Retail,Micro,East Midlands,70227.41,False,False,814.7700000000006,1323.0,4343.300752393981,1964.2,731,0,0,0.0,9343.119999999999,0.62,
SME0031,Whitfield Farms,Agriculture,Micro,North West,152494.56,False,True,2229.079999999999,0.0,-24322.610533515734,-35683.42,731,730,439,0.9986,7622.77,,
SME0032,Summit Contractors Ltd,Construction,Micro,Yorkshire,71888.86,False,True,-4389.815,1104.96,-5976.655212038304,-15532.99,731,726,194,0.9932,-3987.42,-3.97,0.0
SME0033,Halcyon Hospitality Ltd,Hospitality,Small,Scotland,1083846.56,False,False,174265.05500000002,0.0,332632.1045143639,61811.21,731,0,0,0.0,552735.26,,
SME0034,Ironbridge Consulting LLP,Professional Services,Micro,West Midlands,184006.25,True,False,573.3299999999999,0.0,23314.243283173735,4980.79,731,0,0,0.0,39473.85,,
SME0035,Meridian Kitchen Ltd,Hospitality,Medium,North West,17526533.95,False,False,-966706.56,304081.32,3795653.646703146,1682637.49,731,0,0,0.0,2800361.85,-3.18,34.8
SME0036,Kestrel Care Ltd,Health & Care,Micro,London,148540.7,False,False,10681.234999999999,608.04,18247.897441860463,5349.9,731,0,0,0.0,39053.19,17.57,
SME0037,Beacon Builders,Construction,Micro,South East,319283.96,False,True,30461.114999999998,0.0,-7438.756032831738,-40910.34,731,485,38,0.6635,77474.20999999999,,
SME0038,Northgate Partners Ltd,Professional Services,Small,South West,2686385.09,False,False,702038.45,18046.800000000003,555756.2053077975,-40315.18,731,8,0,0.0109,1627058.93,38.9,
SME0039,Pinnacle Partners,Professional Services,Small,London,3048883.28,False,False,75132.12499999996,0.0,123994.11385772914,-104042.08,731,102,0,0.1395,660241.48,,
SME0040,Harbour Hospitality Ltd,Hospitality,Micro,London,271048.06,False,False,24790.030000000002,2785.32,47383.496963064295,5916.63,731,0,0,0.0,82627.22,8.9,
SME0041,Meridian Associates Ltd,Professional Services,Medium,London,36153241.54,False,False,6356146.12,190031.28,9068327.88008208,2304782.52,731,0,0,0.0,19552632.759999998,33.45,
SME0042,Fairlead Kitchen Ltd,Hospitality,Small,South West,1989380.29,False,False,284557.41500000004,31150.199999999997,505303.0772229822,141359.58,731,0,0,0.0,844802.11,9.14,
SME0043,Sterling Supplies & Co,Wholesale,Micro,South East,618554.68,False,True,-166711.94999999998,0.0,-143171.23937072503,-382162.16,731,718,473,0.9822,-299003.2,,0.0
SME0044,Northgate Supplies & Co,Wholesale,Micro,South West,784461.9,False,False,89710.72499999999,0.0,116180.39544459643,40867.9,731,0,0,0.0,327058.55,,
SME0045,Ashcroft Distribution & Co,Wholesale,Micro,South East,70892.03,False,False,-886.0450000000006,1941.0,-292.0257045143639,-5802.75,731,380,0,0.5198,5965.389999999999,-0.46,80.8
SME0046,Vantage Taverns,Hospitality,Micro,Scotland,248545.42,False,True,-34946.479999999996,1193.76,-19192.884062927496,-66637.2,731,601,393,0.8222,-55137.2,-29.27,0.0
SME0047,Ironbridge Digital,IT & Software,Small,South East,451813.03,False,False,36906.12,2867.3999999999996,70704.22099863201,20166.93,731,0,0,0.0,146548.59,12.87,
SME0048,Meridian Software Ltd,IT & Software,Small,West Midlands,4261565.73,False,False,91086.62999999993,14770.079999999998,559978.7666621067,270227.94,731,0,0,0.0,873152.2,6.17,
SME0049,Ashcroft Partners Ltd,Professional Services,Medium,West Midlands,4391912.6,False,False,1694350.6900000002,50629.44,1683876.2072093023,330529.59,731,0,0,0.0,4245460.45,33.47,
SME0050,Beacon Trading Ltd,Retail,Medium,London,26641361.05,False,False,3063271.18,0.0,6840590.653091655,3988292.49,731,0,0,0.0,12652772.96,,
SME0051,Fairlead Retail,Retail,Micro,South West,333587.31,False,False,111114.125,0.0,98107.58370725033,15798.54,731,0,0,0.0,265171.65,,
SME0052,Sterling Growers,Agriculture,Micro,South East,638165.52,False,False,56284.17000000001,0.0,-6730.152626538988,-75387.33,731,398,0,0.5445,175678.32,,
SME0053,Meridian Works,Manufacturing,Small,London,570284.45,False,True,-120533.495,4407.96,-126559.69417236662,-298317.49,731,730,497,0.9986,-225382.02000000002,-27.34,0.0
SME0054,Crown Catering Ltd,Hospitality,Small,Northern Ireland,1735322.96,False,False,164056.45,0.0,489889.021627907,173764.26,731,0,0,0.0,702258.4,,
SME0055,Meridian Haulage,Transport & Logistics,Medium,Northern Ireland,4115587.12,False,False,3191338.635,82702.56,2147413.4200683995,81415.26,731,0,0,0.0,6855720.8,38.59,
SME0056,Bramble Taverns,Hospitality,Small,London,1273568.33,False,True,-197269.44499999998,27383.760000000002,-1378.1926949384408,-331541.31,731,286,210,0.3912,-269841.31,-7.2,0.0
SME0057,Whitfield Systems Ltd,IT & Software,Small,North East,2459344.63,False,False,541827.33,25529.28,688939.771491108,179910.67,731,0,0,0.0,1488267.55,21.22,
SME0058,Vantage Outlets Ltd,Retail,Small,North West,519294.13,False,False,166434.06,12370.32,203951.07481532148,64107.34,731,0,0,0.0,431497.75,13.45,
SME0059,Beacon Trading Ltd,Retail,Micro,North West,182627.04,True,True,-44697.265,0.0,-3712.075266757866,-68770.34,731,321,254,0.4391,-58025.020000000004,,0.0
SME0060,Redwood Partners Ltd,Professional Services,Micro,South East,212066.41,False,False,23102.36,0.0,36482.80701778386,6238.95,731,0,0,0.0,86325.39,,
SME0061,Clearwater Trading,Retail,Micro,South East,67508.18,False,False,44695.34,0.0,35225.032284541725,6581.9,731,0,0,0.0,99752.92,,
SME0062,Cobalt Catering Ltd,Hospitality,Micro,West Midlands,114904.26,False,True,-7254.339999999999,1272.0,10098.166196990423,-5454.96,731,86,3,0.1176,240.34000000000015,-5.7,0.4
SME0063,Riverside Retail Ltd,Retail,Small,London,532842.78,False,False,42776.785,13747.68,63687.4679753762,28278.36,731,0,0,0.0,120861.51,3.11,
SME0064,Summit Industries,Manufacturing,Micro,North West,553720.64,False,True,-44526.31,0.0,-66606.70109439125,-144938.28,731,730,152,0.9986,-19642.410000000003,,0.0
SME0065,Marlow Builders Ltd,Construction,Small,South West,2393507.93,False,False,-148601.475,0.0,15526.925718194254,-231038.45,731,253,0,0.3461,189519.22999999998,,15.3
SME0066,Kingsway Works Ltd,Manufacturing,Small,South West,1439645.41,False,False,551564.025,19304.16,391885.85160054715,-47537.11,731,53,0,0.0725,1283995.0,28.57,
SME0067,Ashcroft Builders Ltd,Construction,Medium,London,6512928.26,False,False,903348.735,204434.64,803207.8164705883,194416.66,731,0,0,0.0,2654175.52,4.42,
SME0068,Vantage Associates & Co,Professional Services,Micro,Wales,127547.99,False,False,14478.725,0.0,5054.309151846785,-12892.35,731,261,0,0.357,38822.97,,
SME0069,Clearwater Systems Ltd,IT & Software,Micro,Scotland,180067.39,False,False,92426.16500000001,5319.36,75029.92062927496,2641.09,731,0,0,0.0,194010.54,17.38,
SME0070,Crown Transport,Transport & Logistics,Micro,Northern Ireland,298386.88,False,True,27726.804999999997,3276.4800000000005,-1378.660314637483,-20779.28,731,421,0,0.5759,60203.97,8.46,
SME0071,Whitfield Software Ltd,IT & Software,Micro,North East,297854.31,False,False,34321.63,0.0,49093.251053351574,6566.1,731,0,0,0.0,97928.21,,
SME0072,Kingsway Software,IT & Software,Medium,Wales,9827783.97,False,False,1607904.2300000002,38404.2,2770736.4692065665,1450951.7,731,0,0,0.0,5692741.26,41.87,
SME0073,Oakfield Groundworks Ltd,Construction,Medium,London,13916119.04,False,False,3133989.0150000006,113101.20000000001,2726802.8081668946,-147943.87,731,14,0,0.0192,8022590.87,27.71,
SME0074,Summit Clinics LLP,Health & Care,Small,Wales,4276365.87,False,False,1716676.6950000003,106284.84,1586669.7299179207,164917.06,731,0,0,0.0,4072661.5,16.15,
SME0075,Riverside Transport Ltd,Transport & Logistics,Micro,West Midlands,250683.6,False,True,-74533.76,0.0,-48865.615376197,-153237.51,731,677,382,0.9261,-122265.63,,0.0
SME0076,Fairlead Outlets,Retail,Small,North West,4617944.92,False,False,471347.13499999995,13681.68,1271012.5051573187,730594.86,731,0,0,0.0,2128211.8,34.45,
SME0077,Meridian Distribution Ltd,Wholesale,Micro,East Midlands,38314.12,False,False,23521.715,0.0,14454.374582763337,-1972.62,731,56,0,0.0766,48686.5,,
SME0078,Meridian Kitchen Ltd,Hospitality,Micro,Yorkshire,160774.66,True,True,-49465.295000000006,0.0,-14666.051326949384,-86112.77,731,398,343,0.5445,-77012.77,,0.0
SME0079,Whitfield Hospitality Ltd,Hospitality,Micro,South East,46692.94,False,False,2861.45,0.0,7288.106251709986,3129.8,731,0,0,0.0,13337.67,,
SME0080,Summit Partners Ltd,Professional Services,Micro,West Midlands,87344.12,False,False,22668.405,0.0,15435.246183310532,-3996.78,731,80,0,0.1094,52863.65,,
SME0081,Meridian Catering Ltd,Hospitality,Micro,London,135427.32,False,False,8023.595000000001,0.0,26408.28269493844,7089.61,731,0,0,0.0,40348.18,,
SME0082,Ironbridge Construction Ltd,Construction,Micro,North West,271194.33,False,True,-41093.14000000001,0.0,-41387.13880984952,-105135.93,731,730,273,0.9986,-57531.94,,0.0
SME0083,Fairlead Construction Ltd,Construction,Micro,East of England,73933.82,False,True,-2951.9800000000005,3225.24,-5432.37731874145,-13128.71,731,710,94,0.9713,-2080.0599999999995,-0.92,0.0
SME0084,Bramble Catering LLP,Hospitality,Small,North West,1853979.41,False,False,450985.23500000004,0.0,653463.3030642956,161932.4,731,0,0,0.0,1256954.09,,
SME0085,Sterling Technologies Ltd,IT & Software,Small,London,3416339.52,False,False,777041.275,0.0,930864.2021751025,85269.85,731,0,0,0.0,2047655.56,,
SME0086,Meridian Retail Ltd,Retail,Micro,West Midlands,505542.34,False,False,5716.440000000003,0.0,88330.32838577291,55907.82,731,0,0,0.0,105363.89,,
SME0087,Kingsway Advisory Ltd,Professional Services,Medium,East of England,10014304.79,False,False,1563176.4349999998,97827.72,1797193.9907660738,130823.81,731,0,0,0.0,4211992.34,15.98,
SME0088,Kestrel Stores LLP,Retail,Micro,London,188598.97,True,True,-81560.19,5173.799999999999,-45724.4531874145,-162188.38,731,572,470,0.7825,-151288.38,-15.76,0.0
SME0089,Thornbury Wholesale,Wholesale,Small,West Midlands,6470402.69,False,False,2179176.515,28856.28,1448027.213625171,-93099.28,731,30,0,0.041,5066466.61,75.52,
SME0090,Fairlead Retail Ltd,Retail,Medium,London,5104615.25,False,False,809090.145,0.0,1563529.258891929,686219.95,731,0,0,0.0,2709992.53,,
SME0091,Ironbridge Stores,Retail,Micro,South West,347523.25,False,False,55559.965000000004,0.0,64363.368604651165,17412.53,731,0,0,0.0,157847.32,,
SME0092,Kingsway Stores,Retail,Small,Yorkshire,654359.96,False,True,-112287.24,0.0,-15158.036949384405,-152639.4,731,340,265,0.4651,-114923.45000000001,,0.0
SME0093,Pinnacle Associates Ltd,Professional Services,Micro,North West,385523.52,False,False,-8037.7450000000035,5577.24,27710.15001367989,-11466.03,731,23,0,0.0315,52124.92,-1.44,77.8
SME0094,Fairlead Associates & Co,Professional Services,Micro,London,203589.9,False,False,1737.9899999999993,0.0,-555.0102599179206,-15464.74,731,372,0,0.5089,21724.0,,
SME0095,Kestrel Catering & Co,Hospitality,Small,Northern Ireland,2157330.31,False,False,712609.8,4192.5599999999995,858682.2997264023,299308.38,731,0,0,0.0,1871370.11,169.97,
SME0096,Riverside Advisory,Professional Services,Micro,East of England,637687.83,False,False,92031.525,0.0,54057.25103967168,-20469.26,731,52,0,0.0711,264154.93,,
SME0097,Harbour Taverns Ltd,Hospitality,Micro,East Midlands,184771.94,False,False,-12427.135,0.0,25778.531586867306,673.21,731,0,0,0.0,11991.59,,11.6
SME0098,Halcyon Wholesale & Co,Wholesale,Small,West Midlands,2609548.6,True,True,-1146132.06,0.0,-699476.1072229822,-2195141.8,731,633,453,0.8659,-1873541.7999999998,,0.0
SME0099,Northgate Fabrications Ltd,Manufacturing,Micro,South East,65325.66,False,False,2296.29,2675.3999999999996,-2977.090068399453,-9679.42,731,677,0,0.9261,5301.06,0.86,
SME0100,Sterling Digital Ltd,IT & Software,Small,East of England,3280296.74,False,False,-64952.90999999999,0.0,523131.0083310533,130859.06,731,0,0,0.0,551779.86,,101.9
SME0101,Whitfield Transport Ltd,Transport & Logistics,Small,Scotland,1445500.7,False,False,33514.64499999999,0.0,25058.919671682626,-76450.72,731,197,0,0.2695,171568.18,,
SME0102,Meridian Kitchen,Hospitality,Micro,West Midlands,97064.99,False,False,-230.3999999999994,2819.88,5536.645649794802,-521.31,731,3,0,0.0041,7164.3099999999995,-0.08,373.1
SME0103,Bramble Groundworks Ltd,Construction,Micro,London,751482.11,False,True,-195280.215,0.0,-174068.54098495212,-446847.12,731,730,470,0.9986,-349547.12,,0.0
SME0104,Whitfield Groundworks,Construction,Micro,Wales,249688.5,True,True,-31932.895,0.0,-21739.622270861833,-80190.37,731,677,176,0.9261,-28698.630000000005,,0.0
SME0105,Summit Retail,Retail,Micro,South West,81033.02,False,False,4440.945,0.0,15008.290547195624,9411.67,731,0,0,0.0,23172.44,,
SME0106,Beacon Digital Ltd,IT & Software,Micro,Northern Ireland,144721.91,False,False,32757.009999999995,0.0,38942.05461012312,9675.06,731,0,0,0.0,84292.62,,
SME0107,Sterling Hospitality Ltd,Hospitality,Medium,London,4166065.56,False,False,1042903.96,31450.92,1790744.2994117646,686232.44,731,0,0,0.0,3099797.8,33.16,
SME0108,Pinnacle Fabrications LLP,Manufacturing,Micro,South East,162166.69,False,False,24340.595,0.0,9669.195786593707,-14263.57,731,190,0,0.2599,56730.74,,
SME0109,Harbour Growers Ltd,Agriculture,Medium,West Midlands,6376567.51,False,False,2121229.175,0.0,1877009.0199999998,282938.54,731,0,0,0.0,5545578.11,,
SME0110,Cobalt Health Ltd,Health & Care,Small,Scotland,799627.86,False,False,184546.04500000004,13828.079999999998,198488.24169630645,44349.02,731,0,0,0.0,484026.77,13.35,
SME0111,Cobalt Kitchen Ltd,Hospitality,Micro,South West,141460.52,False,False,31450.15,0.0,57286.65224350205,19977.86,731,0,0,0.0,101546.21,,
SME0112,Bramble Outlets,Retail,Small,London,714991.6,False,False,72440.76999999999,6867.24,161910.2685499316,75090.1,731,0,0,0.0,271770.92000000004,10.55,
SME0113,Halcyon Retail Ltd,Retail,Medium,Scotland,15728198.24,False,False,15407995.034999998,181317.72,12047166.99863201,1553563.59,731,0,0,0.0,33361490.98,84.98,
SME0114,Cobalt Kitchen Ltd,Hospitality,Small,Wales,385556.96,False,False,33882.26,4245.72,116445.29485636116,63500.41,731,0,0,0.0,152117.15,7.98,
SME0115,Pinnacle Groundworks Ltd,Construction,Micro,North West,224587.87,True,True,-55272.16,0.0,-43512.606183310534,-123981.71,731,730,407,0.9986,-93944.21,,0.0
SME0116,Kingsway Supplies,Wholesale,Small,East Midlands,1585333.56,False,False,277695.45,37968.96,180251.0423255814,-19252.28,731,26,0,0.0356,727104.61,7.31,
SME0117,Sterling Outlets & Co,Retail,Micro,Yorkshire,73532.84,True,True,-22968.495,1038.96,-13719.057756497949,-45736.46,731,611,526,0.8358,-42736.46,-22.11,0.0
SME0118,Cobalt Systems Ltd,IT & Software,Medium,South West,8698778.2,False,False,3050077.83,233459.76,3413093.683406293,1027899.04,731,0,0,0.0,7973029.44,13.06,
SME0119,Thornbury Retail Ltd,Retail,Small,East Midlands,1498653.48,False,False,344693.96499999997,0.0,454740.8515731874,175780.13,731,0,0,0.0,970439.08,,
SME0120,Bramble Stores Ltd,Retail,Micro,Scotland,26260.0,False,False,918.05,0.0,5123.1592749658,3276.88,731,0,0,0.0,8681.77,,
SME0121,Redwood Groundworks Ltd,Construction,Micro,South West,494528.81,False,True,111489.78499999999,0.0,15858.28827633379,-81883.85,731,363,188,0.4966,225374.02,,
SME0122,Beacon Stores Ltd,Retail,Small,East Midlands,1280303.67,False,False,383663.19,0.0,347177.2079616963,55594.65,731,0,0,0.0,918281.56,,
SME0123,Riverside Catering LLP,Hospitality,Micro,Yorkshire,99019.47,False,False,94923.175,0.0,84591.06253077976,11540.8,731,0,0,0.0,209963.91,,
SME0124,Redwood Works,Manufacturing,Small,North West,452785.38,False,False,2171.9949999999994,0.0,-29909.833584131327,-59292.02,731,725,0,0.9918,44799.630000000005,,
SME0125,Cobalt Contractors Ltd,Construction,Small,Yorkshire,3167613.5,True,True,-1050188.865,28952.28,-801396.6957045143,-2241938.81,731,730,452,0.9986,-1819838.81,-36.27,0.0
SME0126,Fairlead Partners Ltd,Professional Services,Micro,Scotland,51732.68,False,False,5175.655,0.0,5331.000916552667,-143.61,731,6,0,0.0082,16567.32,,
SME0127,Harbour Clinics Ltd,Health & Care,Micro,Wales,258236.4,False,False,39976.915,6009.36,52145.288358413134,10118.19,731,0,0,0.0,110439.57,6.65,
SME0128,Ironbridge Transport,Transport & Logistics,Micro,East of England,133116.96,False,True,-16577.755,0.0,-19264.702599179207,-46219.69,731,730,348,0.9986,-27972.809999999998,,0.0
SME0129,Bramble Haulage,Transport & Logistics,Medium,East Midlands,2339790.85,False,False,250354.385,19392.96,370389.7967989056,133852.15,731,0,0,0.0,925174.5,12.91,
SME0130,Vantage Haulage Ltd,Transport & Logistics,Micro,South East,476422.06,False,True,-111602.87,2544.6000000000004,-86387.14812585499,-248346.02,731,722,449,0.9877,-200946.02,-43.86,0.0
SME0131,Cobalt Outlets,Retail,Micro,Northern Ireland,230221.66,False,False,107097.025,0.0,96596.99346101232,18636.61,731,0,0,0.0,256567.49,,
SME0132,Fairlead Catering Ltd,Hospitality,Micro,East of England,252145.96,False,False,110835.135,0.0,108523.53874145006,12375.12,731,0,0,0.0,257299.12,,
SME0133,Cobalt Industries,Manufacturing,Micro,South West,193362.29,False,False,39359.695,0.0,18154.496443228454,-18206.28,731,168,0,0.2298,91298.66,,
SME0134,Clearwater Advisory Ltd,Professional Services,Micro,South East,339439.47,False,False,37451.33499999999,0.0,45858.99573187414,-4187.3,731,6,0,0.0082,130323.24,,
SME0135,Thornbury Supplies,Wholesale,Small,North East,7886965.44,False,True,-1795898.915,0.0,-1325744.6322982216,-3739345.0,731,680,395,0.9302,-2623700.16,,0.0
SME0136,Redwood Retail Ltd,Retail,Small,East Midlands,930040.63,False,False,-57549.06,6417.12,45369.36013679891,-44021.14,731,100,0,0.1368,41590.41,-8.97,8.7
SME0137,Harbour Supplies,Wholesale,Micro,South East,224479.24,False,False,22643.664999999997,2730.96,3901.2228180574552,-17368.42,731,292,0,0.3995,47991.29,8.29,
SME0138,Beacon Technologies Ltd,IT & Software,Micro,Yorkshire,1268520.19,False,False,260806.005,0.0,365569.61935704516,96313.35,731,0,0,0.0,789365.37,,
SME0139,Beacon Health Ltd,Health & Care,Micro,Scotland,206645.25,False,False,110391.37,0.0,80648.87485636116,-4331.85,731,4,0,0.0055,234953.47,,
SME0140,Beacon Taverns Ltd,Hospitality,Micro,London,552172.89,False,False,-32280.664999999997,4616.16,45064.75904240766,-24193.37,731,77,0,0.1053,16330.22,-6.99,6.1
SME0141,Beacon Construction,Construction,Small,Northern Ireland,1874237.37,False,False,401026.065,47322.479999999996,208260.67783857728,-113141.98,731,184,0,0.2517,956250.6,8.47,
SME0142,Beacon Supplies Ltd,Wholesale,Small,Wales,1300803.61,True,True,-452565.74,20680.32,-337489.38095759234,-992132.57,731,730,444,0.9986,-827025.68,-21.88,0.0
SME0143,Meridian Catering,Hospitality,Micro,South East,147314.07,False,True,-13075.375,3552.12,9671.63002735978,-13225.88,731,111,63,0.1518,-4312.98,-3.68,0.0
SME0144,Ashcroft Consulting,Professional Services,Micro,North West,783846.46,False,False,257861.125,0.0,197585.90291381668,4645.48,731,0,0,0.0,636111.95,,
SME0145,Marlow Partners Ltd,Professional Services,Micro,North West,211472.96,True,True,-41090.445,0.0,-611.9953214774281,-60628.74,731,287,107,0.3926,-30128.739999999998,,0.0
SME0146,Kestrel Contractors LLP,Construction,Small,London,5642908.54,False,True,-456478.2000000002,90645.24,-466833.64455540356,-1549308.87,731,705,218,0.9644,-642052.78,-5.04,0.0
SME0147,Crown Outlets Ltd,Retail,Medium,London,9202353.57,False,True,-1828079.85,31357.44,874623.834117647,-1552241.84,731,176,94,0.2408,-969089.19,-58.3,0.0
SME0148,Harbour Manufacturing Ltd,Manufacturing,Medium,Scotland,6217906.32,False,False,254949.43000000002,136875.84,454542.173625171,-163655.12,731,35,0,0.0479,1234506.55,1.86,
SME0149,Kestrel Associates Ltd,Professional Services,Small,South West,639874.52,False,False,351442.775,0.0,290464.7124897401,15647.38,731,0,0,0.0,800668.26,,
SME0150,Beacon Kitchen & Co,Hospitality,Small,Scotland,1875991.77,False,False,38859.80500000001,41788.2,216422.40900136798,77070.93,731,0,0,0.0,292008.18,0.93,
SME0151,Sterling Kitchen Ltd,Hospitality,Micro,South East,140049.93,False,False,65926.495,4352.16,66668.78424076608,10179.57,731,0,0,0.0,148905.72,15.15,
SME0152,Cobalt Partners Ltd,Professional Services,Micro,North West,126133.21,False,False,28331.59,0.0,19785.998932968538,-9420.38,731,90,0,0.1231,61923.51,,
SME0153,Fairlead Care Ltd,Health & Care,Small,London,1511577.85,False,False,337085.68,26633.64,427978.9687004104,115071.31,731,0,0,0.0,966831.65,12.66,
SME0154,Sterling Retail,Retail,Micro,East Midlands,205477.94,True,True,-49545.555,0.0,-18238.8326128591,-90246.22,731,457,330,0.6252,-79146.22,,0.0
SME0155,Ashcroft Distribution Ltd,Wholesale,Medium,Yorkshire,6464914.34,False,False,3415633.0,137248.8,2182725.3511080714,-69989.39,731,6,0,0.0082,7591597.62,24.89,
SME0156,Summit Technologies Ltd,IT & Software,Micro,East of England,84423.03,False,False,9417.279999999999,0.0,16906.569439124487,5850.59,731,0,0,0.0,33130.25,,
SME0157,Riverside Fabrications,Manufacturing,Small,South West,956518.99,False,False,147324.725,0.0,37298.09930232558,-102238.03,731,246,0,0.3365,330838.45,,
SME0158,Oakfield Manufacturing,Manufacturing,Micro,South East,302514.55,False,True,-8435.55500000001,3882.96,-24843.94046511628,-69108.94,731,729,96,0.9973,13153.490000000002,-2.17,18.7
SME0159,Sterling Contractors Ltd,Construction,Micro,West Midlands,198141.52,False,True,-2208.749999999999,0.0,-17070.142585499318,-31845.18,731,730,201,0.9986,5019.34,,27.3
SME0160,Harbour Farms,Agriculture,Micro,Yorkshire,64346.53,False,True,-2945.254999999999,0.0,-6671.36807113543,-14814.5,731,725,213,0.9918,692.3400000000001,,2.8
SME0161,Redwood Farms Ltd,Agriculture,Medium,North West,24235493.83,False,False,949830.1150000001,182806.8,2715209.6377975377,1000322.2,731,0,0,0.0,8023871.02,5.2,
SME0162,Meridian Advisory Ltd,Professional Services,Medium,West Midlands,5592030.48,False,False,3374054.6300000004,15252.0,2910576.9436525307,384686.18,731,0,0,0.0,7760417.25,221.22,
SME0163,Summit Retail,Retail,Medium,Scotland,5950183.3,False,False,-324902.86499999993,54582.0,741756.1795348837,208128.04,731,0,0,0.0,576367.61,-5.95,21.3
SME0164,Crown Hospitality,Hospitality,Micro,North West,798167.88,False,True,-66826.58,0.0,43220.56663474692,-70228.54,731,131,33,0.1792,-15382.809999999998,,0.0
SME0165,Ironbridge Hospitality Ltd,Hospitality,Micro,Scotland,108532.63,False,False,-3366.6099999999997,0.0,17801.06532147743,8323.8,731,0,0,0.0,16790.53,,59.8
SME0166,Kestrel Advisory Ltd,Professional Services,Micro,Yorkshire,121753.21,False,True,-13555.514999999996,2452.92,-10741.484911080712,-35633.56,731,632,161,0.8646,-17760.32,-5.53,0.0
SME0167,Pinnacle Hospitality,Hospitality,Micro,London,266932.59,False,False,31188.225,2599.08,48770.218426812586,15295.48,731,0,0,0.0,88462.34,12.0,
SME0168,Ashcroft Associates Ltd,Professional Services,Micro,Wales,105433.54,False,False,-4684.654999999999,0.0,6654.113720930232,-9184.43,731,84,0,0.1149,5261.97,,13.5
SME0169,Cobalt Traders Ltd,Wholesale,Micro,South East,254731.59,False,True,-2090.3499999999985,2901.0,-20391.144103967166,-54430.25,731,726,119,0.9932,-6175.970000000001,-0.72,0.0
SME0170,Ironbridge Technologies Ltd,IT & Software,Micro,South West,145049.49,True,True,-14722.845000000001,0.0,8127.2750889192885,-22289.15,731,132,75,0.1806,-7989.1500000000015,,0.0
SME0171,Redwood Builders Ltd,Construction,Small,Yorkshire,963610.66,False,False,344612.97500000003,5882.4,221507.89448700412,-65822.37,731,135,0,0.1847,775634.29,58.58,
SME0172,Whitfield Contractors LLP,Construction,Micro,East of England,425196.1,False,False,113320.705,9611.400000000001,59448.12354309166,-17624.14,731,175,0,0.2394,256377.29,11.79,
SME0173,Ironbridge Outlets LLP,Retail,Small,London,427779.01,False,False,132142.055,4748.16,151697.04184678523,56907.58,731,0,0,0.0,339791.84,27.83,
SME0174,Halcyon Taverns,Hospitality,Micro,North West,372670.77,False,True,-65006.51000000001,2827.32,-4898.505841313269,-101061.65,731,307,239,0.42,-84961.65,-22.99,0.0
SME0175,Halcyon Stores Ltd,Retail,Small,South West,1420376.86,True,True,-546411.675,5661.84,-244998.69541723665,-1016480.34,731,482,418,0.6594,-934680.34,-96.51,0.0
SME0176,Sterling Outlets,Retail,Medium,Wales,8196914.49,False,False,4917520.885,75403.08,4771659.093269493,1054964.27,731,0,0,0.0,11470716.26,65.22,
SME0177,Cobalt Groundworks Ltd,Construction,Small,West Midlands,1212628.04,False,False,211345.91499999998,0.0,100836.22112175103,-84375.16,731,206,0,0.2818,549469.72,,
SME0178,Whitfield Associates,Professional Services,Micro,East Midlands,231205.49,False,False,38041.005,1846.8000000000002,23839.56031463748,-10602.93,731,76,0,0.104,93761.1,20.6,
SME0179,Beacon Taverns,Hospitality,Medium,Northern Ireland,27276024.27,False,True,-5214277.5,652871.64,619201.9793296853,-6440247.83,731,278,198,0.3803,-4931647.83,-7.99,0.0
SME0180,Sterling Retail Ltd,Retail,Micro,London,903052.74,True,True,-284511.8,6122.5199999999995,-52473.643050615596,-461331.33,731,364,304,0.4979,-409131.33,-46.47,0.0
SME0181,Sterling Digital Ltd,IT & Software,Small,South West,1172953.88,False,False,-76378.35,0.0,132994.73134062928,-43885.21,731,67,0,0.0917,124815.88,,19.6
SME0182,Oakfield Systems,IT & Software,Micro,London,84276.14,False,False,13866.45,0.0,15366.609316005472,2612.62,731,0,0,0.0,41154.42,,
SME0183,Oakfield Care,Health & Care,Micro,South West,307999.33,False,False,110671.43,0.0,80952.00823529412,-10638.73,731,36,0,0.0492,240696.35,,
SME0184,Vantage Fabrications Ltd,Manufacturing,Micro,Scotland,678719.0,False,False,170241.72999999998,0.0,113642.00432284542,-43491.9,731,115,0,0.1573,395210.36,,
SME0185,Meridian Retail & Co,Retail,Micro,East Midlands,321669.16,False,False,98959.33499999999,0.0,82139.39162790698,6821.95,731,0,0,0.0,235861.34,,
SME0186,Ashcroft Catering Ltd,Hospitality,Micro,South East,362059.39,False,False,64674.66,0.0,121894.9923392613,20446.08,731,0,0,0.0,204951.3,,
SME0187,Sterling Advisory Ltd,Professional Services,Micro,South East,114952.17,False,False,54390.185,0.0,46166.07038303694,4262.08,731,0,0,0.0,123562.68,,
SME0188,Summit Stores Ltd,Retail,Small,West Midlands,1439231.16,False,False,-47905.40500000003,0.0,136014.01848153214,33298.4,731,0,0,0.0,148428.71,,37.2
SME0189,Ashcroft Construction LLP,Construction,Small,North West,7095851.21,False,False,3486208.885,0.0,2392384.388604651,50033.89,731,0,0,0.0,8311378.59,,
SME0190,Marlow Wholesale LLP,Wholesale,Medium,West Midlands,27661428.66,False,False,5646978.5200000005,217172.64,6831365.071080712,2039912.08,731,0,0,0.0,16890426.79,26.0,
SME0191,Fairlead Systems Ltd,IT & Software,Micro,London,184745.42,False,True,-28.399999999998286,4815.84,3791.024733242134,-17124.13,731,178,7,0.2435,1376.2000000000007,-0.01,581.5
SME0192,Clearwater Advisory,Professional Services,Micro,East Midlands,149724.16,False,True,-20079.464999999997,0.0,-11326.14930232558,-46665.84,731,590,179,0.8071,-22027.32,,0.0
SME0193,Kingsway Transport Ltd,Transport & Logistics,Micro,Yorkshire,116559.92,False,False,16775.600000000002,0.0,17902.62367989056,-1292.62,731,3,0,0.0041,52324.87,,
SME0194,Whitfield Trading,Retail,Small,Wales,3058978.81,False,False,1323817.415,88377.48,1192086.4452804378,333199.09,731,0,0,0.0,2971963.11,14.98,
SME0195,Redwood Partners Ltd,Professional Services,Micro,Wales,58033.03,False,False,4821.755,732.0,3457.4051846785223,-3027.32,731,56,0,0.0766,11950.0,6.59,
SME0196,Oakfield Distribution Ltd,Wholesale,Small,South East,2669941.06,False,False,322451.19,13392.48,293788.1751846785,91047.72,731,0,0,0.0,991320.37,24.08,
SME0197,Bramble Logistics Ltd,Transport & Logistics,Micro,South East,50785.51,False,False,319.1250000000001,0.0,4073.729069767442,430.11,731,0,0,0.0,10157.82,,
SME0198,Fairlead Produce & Co,Agriculture,Micro,North East,394323.43,False,True,-5730.929999999996,0.0,-31806.08534883721,-78011.47,731,728,16,0.9959,29248.129999999997,,61.2
SME0199,Bramble Supplies Ltd,Wholesale,Micro,Yorkshire,120952.53,True,False,16947.95,0.0,14004.949138166896,-7224.03,731,55,0,0.0752,46342.9,,
SME0200,Redwood Construction Ltd,Construction,Medium,West Midlands,12232134.84,False,False,1100527.6600000001,51739.31999999999,1649007.3187277701,512061.47,731,0,0,0.0,4754526.4399999995,21.27,
SME0201,Fairlead Outlets Ltd,Retail,Micro,South East,224710.61,False,False,18185.505,0.0,29599.680300957592,8040.73,731,0,0,0.0,63854.24,,
SME0202,Thornbury Kitchen,Hospitality,Micro,South East,84305.21,True,True,-15703.535000000002,0.0,-3272.0613679890557,-27435.97,731,337,269,0.461,-22435.97,,0.0
SME0203,Whitfield Partners Ltd,Professional Services,Small,East of England,578872.94,False,False,-16381.409999999989,0.0,34822.91370725034,-17051.05,731,50,0,0.0684,101284.65,,74.2
SME0204,Bramble Construction Ltd,Construction,Micro,North West,68051.89,False,False,2758.255,0.0,-2479.4145690834475,-5100.42,731,680,0,0.9302,9356.75,,
SME0205,Ashcroft Contractors,Construction,Micro,South East,118830.51,False,False,12840.95,1735.1999999999998,-2332.4443502051986,-16536.26,731,449,0,0.6142,36023.770000000004,7.4,
SME0206,Halcyon Hospitality Ltd,Hospitality,Small,North East,322798.22,False,False,5790.330000000003,2640.2400000000002,87216.49793433653,56627.25,731,0,0,0.0,95450.2,2.19,
SME0207,Redwood Catering Ltd,Hospitality,Medium,North West,4910440.53,False,False,2861.4000000000233,0.0,957312.2172503419,379191.24,731,0,0,0.0,884341.0,,
SME0208,Northgate Industries Ltd,Manufacturing,Small,East of England,621375.6,False,False,6911.96,14324.04,1162.3645417236662,-41538.83,731,319,0,0.4364,63073.17,0.48,
SME0209,Sterling Associates,Professional Services,Small,Scotland,1159569.51,False,False,456728.115,0.0,380726.3977701778,19052.72,731,0,0,0.0,1101456.05,,
SME0210,Thornbury Technologies Ltd,IT & Software,Micro,Wales,338107.98,False,False,-10340.034999999998,0.0,17652.063720930233,-20274.18,731,90,0,0.1231,25715.47,,29.8
SME0211,Redwood Partners,Professional Services,Small,North West,1305123.19,True,True,-182422.3,0.0,-18027.876443228455,-362807.8,731,293,147,0.4008,-232707.8,,0.0
SME0212,Sterling Stores Ltd,Retail,Medium,East of England,6380839.36,False,False,-219803.75999999992,69935.04000000001,875612.1862653898,316650.03,731,0,0,0.0,754899.78,-3.14,41.2
SME0213,Summit Partners & Co,Professional Services,Small,Yorkshire,1113316.23,False,False,-29447.319999999996,0.0,-18294.858673050614,-125686.62,731,433,0,0.5923,71950.08,,29.3
SME0214,Vantage Advisory LLP,Professional Services,Micro,London,843657.16,False,True,-158920.60499999998,0.0,-56774.19801641587,-315335.5,731,399,209,0.5458,-194628.36,,0.0
SME0215,Clearwater Outlets Ltd,Retail,Small,Northern Ireland,1954929.48,False,False,720299.835,0.0,730205.4136798906,191769.17,731,0,0,0.0,1790724.36,,
SME0216,Kestrel Construction Ltd,Construction,Small,Yorkshire,1104721.41,False,False,135080.47,0.0,145509.43683994527,16883.36,731,0,0,0.0,460930.78,,
SME0217,Beacon Software Ltd,IT & Software,Micro,East of England,77260.13,False,False,10730.289999999999,1049.04,14162.432626538988,3751.35,731,0,0,0.0,30049.83,10.23,
SME0218,Fairlead Kitchen Ltd,Hospitality,Micro,Scotland,116167.3,False,False,-11865.095000000001,0.0,19294.729097127223,961.14,731,0,0,0.0,8614.75,,8.7
SME0219,Northgate Advisory Ltd,Professional Services,Small,East of England,305572.9,False,True,-58041.305,3646.08,-18680.389685362516,-111926.91,731,435,233,0.5951,-71713.2,-15.92,0.0
SME0220,Redwood Kitchen Ltd,Hospitality,Small,East Midlands,3782930.41,True,True,-822711.975,0.0,382889.57088919287,-850886.78,731,148,93,0.2025,-652786.78,,0.0
SME0221,Vantage Retail,Retail,Micro,London,244611.45,False,False,60935.60999999999,0.0,66088.90006839945,18313.63,731,0,0,0.0,161114.16,,
SME0222,Whitfield Retail,Retail,Small,Wales,3169776.72,False,False,1431720.17,32143.32,1245166.556634747,182999.73,731,0,0,0.0,3348076.97,44.54,
SME0223,Vantage Stores Ltd,Retail,Micro,East Midlands,282242.73,False,False,14037.39,0.0,51860.00376196991,27099.12,731,0,0,0.0,77219.31,,
SME0224,Beacon Care,Health & Care,Micro,South West,109381.75,False,False,17297.685,0.0,13097.900588235294,-4092.32,731,78,0,0.1067,45093.020000000004,,
SME0225,Vantage Trading Ltd,Retail,Small,South East,1533975.35,False,False,154178.855,0.0,392183.8746648427,190956.67,731,0,0,0.0,650083.75,,
SME0226,Oakfield Technologies Ltd,IT & Software,Small,East Midlands,589555.02,False,False,198380.615,8008.08,192500.05995896034,23083.77,731,0,0,0.0,452288.98,24.77,
SME0227,Bramble Software,IT & Software,Medium,Yorkshire,8669894.62,False,True,-1295637.185,0.0,-407729.7293160055,-2380231.73,731,426,189,0.5828,-1361994.54,,0.0
SME0228,Ironbridge Digital,IT & Software,Micro,London,65144.57,False,False,33206.62,1013.04,25317.930191518466,2832.61,731,0,0,0.0,74225.62,32.78,
SME0229,Kingsway Hospitality Ltd,Hospitality,Micro,North East,61604.45,False,False,27514.070000000003,3127.7999999999997,23588.368112175103,2651.2,731,0,0,0.0,56807.38,8.8,
SME0230,Clearwater Outlets Ltd,Retail,Small,East Midlands,1792669.79,False,False,850577.2,17740.800000000003,847068.2100410396,184575.67,731,0,0,0.0,2035740.71,47.94,
SME0231,Oakfield Wholesale Ltd,Wholesale,Micro,North West,73707.82,False,False,3245.17,834.96,-1256.5080027359782,-5517.8,731,544,0,0.7442,12616.77,3.89,
SME0232,Halcyon Supplies Ltd,Wholesale,Micro,Yorkshire,212833.34,False,True,-8855.58,0.0,-3171.023324213406,-28832.61,731,471,51,0.6443,2263.369999999999,,3.1
SME0233,Riverside Associates Ltd,Professional Services,Small,Scotland,1162347.14,False,False,292315.29,24385.32,212529.85589603282,-12276.07,731,20,0,0.0274,714942.72,11.99,
SME0234,Pinnacle Digital Ltd,IT & Software,Micro,North West,289343.87,False,False,8721.27,0.0,33192.1083994528,7095.38,731,0,0,0.0,59862.65,,
SME0235,Vantage Produce Ltd,Agriculture,Small,Yorkshire,729300.09,False,False,99175.725,18393.0,75482.82198358413,-3134.47,731,5,0,0.0068,299610.83999999997,5.39,
SME0236,Thornbury Kitchen Ltd,Hospitality,Micro,South West,175621.52,False,False,95472.28999999998,0.0,101300.25659370724,17581.48,731,0,0,0.0,223255.71,,
SME0237,Thornbury Hospitality Ltd,Hospitality,Micro,North East,320766.95,False,False,24120.125,3587.76,76717.94679890561,35196.24,731,0,0,0.0,102987.07,6.72,
SME0238,Bramble Care LLP,Health & Care,Micro,South East,340516.57,False,False,37523.08500000001,1335.1200000000001,51788.80616963065,6536.59,731,0,0,0.0,121008.85,28.1,
SME0239,Redwood Agri Ltd,Agriculture,Micro,East of England,460162.27,False,True,-113991.18,9013.92,-111727.6202872777,-269476.49,731,730,477,0.9986,-198641.33000000002,-12.65,0.0
SME0240,Pinnacle Retail Ltd,Retail,Micro,East of England,168311.63,False,False,9050.35,4795.08,24195.713351573188,14049.75,731,0,0,0.0,38553.72,1.89,
SME0241,Redwood Kitchen Ltd,Hospitality,Small,East Midlands,1069334.69,False,False,672519.22,0.0,594674.845499316,24277.01,731,0,0,0.0,1502789.77,,
SME0242,Vantage Retail Ltd,Retail,Micro,East Midlands,64636.09,False,False,10194.86,812.04,11660.722120383036,2040.91,731,0,0,0.0,26779.2,12.55,
SME0243,Riverside Builders,Construction,Micro,West Midlands,442313.25,False,True,42738.11,5624.64,-20292.080177838576,-61052.54,731,626,67,0.8564,84816.9,7.6,
SME0244,Vantage Logistics Ltd,Transport & Logistics,Small,North West,1370279.96,False,False,272653.395,0.0,238297.80318741448,7094.48,731,0,0,0.0,711583.5,,
SME0245,Northgate Care Ltd,Health & Care,Small,East Midlands,3494752.81,False,False,-120693.13499999998,0.0,181774.58937072504,-113928.12,731,63,0,0.0862,241380.0,,24.0
SME0246,Redwood Groundworks Ltd,Construction,Micro,East of England,289085.27,False,True,-8122.915,0.0,-13104.994801641586,-42125.88,731,649,22,0.8878,6270.549999999999,,9.3
SME0247,Oakfield Catering Ltd,Hospitality,Micro,South East,267817.88,True,True,-50909.920000000006,5152.5599999999995,23690.29538987688,-66435.64,731,187,117,0.2558,-51435.64,-9.88,0.0
SME0248,Vantage Taverns,Hospitality,Small,London,657656.1,False,False,104603.505,0.0,152079.30384404925,32504.56,731,0,0,0.0,308871.3,,
SME0249,Redwood Manufacturing,Manufacturing,Micro,North East,67977.72,False,True,-18215.965,0.0,-15308.186429548563,-40068.12,731,730,460,0.9986,-31368.120000000003,,0.0
SME0250,Riverside Traders LLP,Wholesale,Small,London,2322471.7,False,False,730529.585,0.0,499645.0522708618,-47272.95,731,29,0,0.0397,1696465.88,,
SME0251,Marlow Digital Ltd,IT & Software,Micro,South East,927914.54,False,False,209327.58499999996,6743.64,224881.40064295486,42521.2,731,0,0,0.0,560514.9099999999,31.04,
SME0252,Marlow Farms,Agriculture,Micro,East Midlands,149237.43,True,True,-62254.53,0.0,-53497.4939124487,-138442.45,731,730,513,0.9986,-111742.45000000001,,0.0
SME0253,Cobalt Partners Ltd,Professional Services,Micro,London,403011.5,False,False,30242.440000000002,4218.0,39833.494008207934,-628.21,731,1,0,0.0014,107557.2,7.17,
SME0254,Marlow Retail Ltd,Retail,Micro,East Midlands,106640.7,False,False,12898.865000000002,2937.48,13335.042804377565,4245.46,731,0,0,0.0,30946.49,4.39,
SME0255,Sterling Medical Ltd,Health & Care,Micro,East of England,161361.26,False,False,19230.96,0.0,28938.13244870041,9320.86,731,0,0,0.0,64577.96,,
SME0256,Kingsway Digital,IT & Software,Small,East Midlands,3875033.3,False,False,-8788.08500000005,75329.4,345101.6261833105,39052.3,731,0,0,0.0,472779.33999999997,-0.12,645.6
SME0257,Pinnacle Hospitality Ltd,Hospitality,Micro,South West,78012.1,True,False,6453.514999999999,0.0,16078.768276333789,4303.22,731,0,0,0.0,22660.83,,
SME0258,Bramble Trading Ltd,Retail,Micro,South East,171930.77,False,False,107334.425,0.0,98196.480998632,16388.71,731,0,0,0.0,248080.21,,
SME0259,Bramble Wholesale Ltd,Wholesale,Micro,East of England,254025.19,False,False,25306.695000000007,0.0,18676.87266757866,-11513.81,731,153,0,0.2093,71833.06,,
SME0260,Redwood Medical Ltd,Health & Care,Small,South East,1726003.3,False,True,-208037.60499999998,0.0,-40079.62097127223,-372706.32,731,352,130,0.4815,-180790.76,,0.0
SME0261,Whitfield Stores,Retail,Micro,South East,167455.29,False,False,22125.144999999997,5317.4400000000005,13227.265786593705,-892.43,731,10,0,0.0137,49240.99,4.16,
SME0262,Kingsway Hospitality,Hospitality,Small,West Midlands,812985.72,True,True,-295137.02,6687.0,-105769.44440492475,-514037.43,731,444,391,0.6074,-466937.43,-44.14,0.0
SME0263,Sterling Kitchen Ltd,Hospitality,Small,South East,413088.02,False,False,-4231.464999999997,4530.0,65163.10198358413,29107.48,731,0,0,0.0,55460.73,-0.93,157.3
SME0264,Pinnacle Outlets Ltd,Retail,Micro,Yorkshire,221579.13,False,False,71353.72,4039.08,72751.4302872777,10167.12,731,0,0,0.0,167522.0,17.67,
SME0265,Riverside Agri Ltd,Agriculture,Micro,North West,286697.2,False,False,29247.775,0.0,11993.419849521204,-16369.2,731,206,0,0.2818,76178.7,,
SME0266,Riverside Construction Ltd,Construction,Micro,London,1193683.15,True,True,-357931.91000000003,0.0,-185681.50222982216,-652703.0,731,613,333,0.8386,-518203.0,,0.0
SME0267,Crown Retail Ltd,Retail,Micro,West Midlands,180486.09,True,True,-33825.69,0.0,-1528.4508344733242,-54450.28,731,277,215,0.3789,-45064.29,,0.0
SME0268,Ironbridge Works Ltd,Manufacturing,Micro,South East,296774.76,False,False,36408.015,0.0,8694.067181942544,-30298.41,731,279,0,0.3817,86722.83,,
SME0269,Thornbury Partners Ltd,Professional Services,Small,North West,2175692.36,False,False,397760.73,51240.96,337731.51906976744,19225.76,731,0,0,0.0,1083305.01,7.76,
SME0270,Clearwater Agri Ltd,Agriculture,Micro,London,598303.23,False,False,52008.37999999999,8889.72,-10710.563228454172,-57023.26,731,432,0,0.591,153439.15,5.85,
SME0271,Oakfield Groundworks Ltd,Construction,Micro,Scotland,322094.44,False,False,45148.43,0.0,11706.780560875513,-34036.09,731,268,0,0.3666,111664.57,,
SME0272,Bramble Construction,Construction,Small,Yorkshire,1057526.79,False,True,-71324.015,27748.56,-99068.15790697675,-223236.84,731,699,197,0.9562,-77510.34,-2.57,0.0
SME0273,Ironbridge Fabrications LLP,Manufacturing,Small,Wales,434386.08,False,False,29808.355,0.0,46892.732558139534,-11854.0,731,15,0,0.0205,120393.35,,
SME0274,Ironbridge Growers Ltd,Agriculture,Micro,Yorkshire,108543.66,False,False,59949.26999999999,0.0,34173.40002735978,-3708.08,731,124,0,0.1696,136497.14,,
SME0275,Redwood Haulage Ltd,Transport & Logistics,Small,Northern Ireland,314570.61,False,False,112138.25,0.0,112033.5346648427,15626.95,731,0,0,0.0,277717.26,,
SME0276,Whitfield Health,Health & Care,Micro,South West,117935.9,False,False,22930.675000000003,0.0,15097.216675786594,-4416.6,731,51,0,0.0698,54016.73,,
SME0277,Oakfield Fabrications Ltd,Manufacturing,Micro,Yorkshire,165986.47,False,True,-6472.460000000001,0.0,-12176.602708618331,-32773.35,731,721,88,0.9863,-7562.450000000001,,0.0
SME0278,Marlow Contractors Ltd,Construction,Micro,North West,113694.18,False,False,35183.695,0.0,19544.646429548564,-7501.87,731,188,0,0.2572,80775.89,,
SME0279,Thornbury Retail Ltd,Retail,Micro,East Midlands,126894.09,False,False,33864.175,0.0,31594.3424623803,6610.43,731,0,0,0.0,83999.51,,
SME0280,Thornbury Builders Ltd,Construction,Small,Yorkshire,6947135.29,False,False,1127126.505,0.0,1187836.7639534886,28397.26,731,0,0,0.0,3274151.45,,
SME0281,Oakfield Contractors Ltd,Construction,Small,London,883985.79,False,False,305651.25,0.0,173023.36960328315,-56684.46,731,161,0,0.2202,686830.9,,
SME0282,Ashcroft Trading,Retail,Medium,South West,23387374.52,False,True,-4165688.24,87067.44,842137.9083036936,-5092236.51,731,233,163,0.3187,-3872936.51,-47.84,0.0
SME0283,Kestrel Agri,Agriculture,Small,East of England,1214038.98,False,True,-173558.84,36272.76,-268749.507004104,-573369.72,731,730,524,0.9986,-343742.42,-4.78,0.0
SME0284,Clearwater Industries Ltd,Manufacturing,Micro,Scotland,267484.9,False,False,-8768.599999999999,0.0,-501.2401504787962,-31869.61,731,352,0,0.4815,23332.28,,31.9
SME0285,Ironbridge Logistics Ltd,Transport & Logistics,Small,East of England,3978355.53,False,False,1167682.87,21074.760000000002,1047360.0168399452,206713.11,731,0,0,0.0,3017362.24,55.41,
SME0286,Oakfield Consulting Ltd,Professional Services,Micro,East of England,338285.7,False,False,102312.15,3017.64,80883.3033378933,-17241.44,731,58,0,0.0793,233984.67,33.9,
SME0287,Redwood Retail,Retail,Small,North West,931684.73,False,True,-88642.02500000001,6545.52,13887.182380300957,-113754.26,731,267,151,0.3653,-55483.240000000005,-13.54,0.0
SME0288,Halcyon Builders Ltd,Construction,Small,East Midlands,917899.52,True,True,-131653.09,8439.24,-26842.257318741453,-248886.63,731,330,145,0.4514,-120864.92000000001,-15.6,0.0
SME0289,Halcyon Retail Ltd,Retail,Micro,South East,331914.54,False,False,64122.68,0.0,76600.65180574555,13528.34,731,0,0,0.0,174352.48,,
SME0290,Thornbury Outlets Ltd,Retail,Small,London,2289021.62,False,False,302680.46,32023.08,570902.0897400822,231457.74,731,0,0,0.0,995484.43,9.45,
SME0291,Redwood Retail Ltd,Retail,Small,East of England,1136840.21,False,False,458567.38999999996,11794.44,428289.1503556772,74230.97,731,0,0,0.0,1075612.9300000002,38.88,
SME0292,Oakfield Retail LLP,Retail,Micro,North West,220399.57,False,False,48161.57,0.0,60240.58339261286,19227.32,731,0,0,0.0,135956.26,,
SME0293,Bramble Distribution,Wholesale,Small,Scotland,2133340.65,False,True,-144319.20999999996,23799.36,-82401.85103967169,-409648.08,731,479,138,0.6553,-46032.81,-6.06,0.0
SME0294,Harbour Outlets LLP,Retail,Micro,North West,436773.54,True,False,72477.12999999999,0.0,92986.01459644323,4248.36,731,0,0,0.0,187937.58,,
SME0295,Harbour Partners Ltd,Professional Services,Small,Northern Ireland,3555937.77,False,False,-45210.05499999996,0.0,16608.1979753762,-410630.59,731,311,0,0.4254,305572.16000000003,,81.1
SME0296,Kingsway Partners,Professional Services,Medium,South West,12270556.12,False,False,2125512.77,349551.48,1939539.9128180575,117885.75,731,0,0,0.0,6441549.39,6.08,
SME0297,Oakfield Consulting Ltd,Professional Services,Small,South East,6432828.07,False,False,-260419.02500000017,73120.56,-31260.520642954856,-710692.59,731,338,0,0.4624,212313.30000000005,-3.56,9.8
SME0298,Summit Partners LLP,Professional Services,Micro,West Midlands,496145.76,False,False,14705.175000000008,0.0,43702.45597811218,-6473.15,731,6,0,0.0082,100457.45999999999,,
SME0299,Kestrel Trading Ltd,Retail,Small,West Midlands,2749404.61,False,False,305036.3,0.0,644134.3837209302,309217.34,731,0,0,0.0,1113520.17,,
SME0300,Bramble Stores Ltd,Retail,Micro,South East,491585.26,False,False,119000.30500000001,0.0,160535.86294117649,48645.34,731,0,0,0.0,332650.25,,
SME0301,Harbour Partners Ltd,Professional Services,Small,North West,105991.14,False,False,9620.695000000002,0.0,27085.78554035568,12459.74,731,0,0,0.0,43509.06,,
SME0302,Harbour Consulting Ltd,Professional Services,Micro,East Midlands,133658.81,False,True,-11808.139999999996,0.0,-5779.465581395349,-29913.48,731,520,109,0.7114,-10698.490000000002,,0.0
SME0303,Harbour Catering Ltd,Hospitality,Micro,West Midlands,117050.28,False,False,-6484.029999999999,3189.4800000000005,16514.83533515732,-756.53,731,8,0,0.0109,5214.62,-2.03,9.7
SME0304,Oakfield Builders Ltd,Construction,Micro,Yorkshire,291709.83,False,True,-38586.99,7846.68,-54786.98616963065,-119859.24,731,730,470,0.9986,-61340.729999999996,-4.92,0.0
SME0305,Beacon Builders Ltd,Construction,Micro,Northern Ireland,421045.02,False,True,-53373.154999999984,7047.12,-75245.99889192886,-183432.52,731,730,383,0.9986,-105215.87,-7.57,0.0
SME0306,Riverside Stores & Co,Retail,Small,Scotland,2712092.86,False,False,1207413.08,14277.96,1354763.2016963065,383343.48,731,0,0,0.0,3057533.57,84.56,
SME0307,Whitfield Digital,IT & Software,Small,London,1509276.37,False,False,39894.220000000016,17886.239999999998,85551.01529411765,-4450.63,731,2,0,0.0027,243172.87,2.23,
SME0308,Bramble Haulage Ltd,Transport & Logistics,Micro,East of England,942909.7,False,False,134651.035,7652.52,123905.8768125855,-22398.04,731,24,0,0.0328,346795.64,17.6,
SME0309,Ironbridge Taverns Ltd,Hospitality,Micro,West Midlands,586345.93,False,False,196240.49,0.0,246688.4017647059,40783.53,731,0,0,0.0,497244.07,,
SME0310,Riverside Stores Ltd,Retail,Medium,London,14596065.77,False,False,1791124.2449999999,58962.0,3299745.0454582763,1288770.26,731,0,0,0.0,6230527.54,30.38,
SME0311,Oakfield Taverns,Hospitality,Micro,London,461691.77,False,False,113981.205,0.0,107113.64647058822,10137.35,731,0,0,0.0,277694.54000000004,,
SME0312,Vantage Manufacturing Ltd,Manufacturing,Micro,South East,661142.87,False,False,101572.15500000001,0.0,51958.20067031463,-51375.14,731,141,0,0.1929,254980.79,,
SME0313,Crown Stores Ltd,Retail,Micro,South East,185789.11,True,True,-60004.670000000006,2044.56,-24097.17876880985,-111119.06,731,453,411,0.6197,-103019.06,-29.35,0.0
SME0314,Meridian Kitchen,Hospitality,Medium,North West,4879969.76,False,False,857778.085,96375.0,1194139.6386593708,325709.77,731,0,0,0.0,2299282.24,8.9,
SME0315,Halcyon Works Ltd,Manufacturing,Micro,Yorkshire,76769.06,False,False,5590.395,0.0,8344.85998632011,95.11,731,0,0,0.0,22991.08,,
SME0316,Clearwater Wholesale,Wholesale,Micro,East Midlands,376177.24,False,True,-11503.925,5462.04,-11699.788440492475,-59692.37,731,567,23,0.7756,13819.25,-2.11,14.4
SME0317,Beacon Fabrications Ltd,Manufacturing,Micro,London,108984.79,True,True,-9883.05,882.96,-2789.7562243502052,-24533.89,731,382,93,0.5226,-8455.21,-11.19,0.0
SME0318,Ashcroft Associates Ltd,Professional Services,Micro,East of England,113855.6,False,True,-15494.265,0.0,-7723.382640218878,-32331.89,731,546,134,0.7469,-16431.89,,0.0
SME0319,Vantage Manufacturing,Manufacturing,Micro,South East,137664.69,False,False,27462.15,3457.68,9334.037250341999,-12050.94,731,157,0,0.2148,60366.72,7.94,
SME0320,Bramble Outlets Ltd,Retail,Micro,East Midlands,171937.63,False,False,49674.68,0.0,54202.192175102595,15147.5,731,0,0,0.0,125338.77,,
SME0321,Crown Technologies LLP,IT & Software,Small,Scotland,6773278.92,False,False,1000561.5850000001,181218.59999999998,1537620.9205882354,623451.79,731,0,0,0.0,3027029.48,5.52,
SME0322,Vantage Trading & Co,Retail,Small,London,906169.17,False,False,474438.115,11308.08,439431.44726402184,111081.63,731,0,0,0.0,1104202.09,41.96,
SME0323,Ironbridge Construction Ltd,Construction,Micro,Wales,215220.72,False,True,-49994.21,0.0,-43981.17046511628,-110698.45,731,726,373,0.9932,-78098.45,,0.0
SME0324,Fairlead Freight Ltd,Transport & Logistics,Small,South East,830843.28,False,False,30748.674999999996,6769.4400000000005,78383.22354309165,-778.88,731,2,0,0.0027,162509.16999999998,4.54,
SME0325,Kingsway Produce Ltd,Agriculture,Small,South East,1186330.2,False,False,469619.125,0.0,271325.5080574556,-35943.3,731,87,0,0.119,1093602.85,,
SME0326,Oakfield Stores,Retail,Small,North West,1299312.79,True,True,-421857.695,0.0,-107849.00437756498,-704540.42,731,389,336,0.5321,-638940.42,,0.0
SME0327,Kingsway Builders Ltd,Construction,Medium,London,19395421.46,False,True,-2024485.38,496006.07999999996,-2370440.8964432282,-5888194.05,731,721,267,0.9863,-2413671.49,-4.08,0.0
SME0328,Marlow Groundworks LLP,Construction,Micro,East Midlands,191273.14,True,False,24083.45,0.0,26034.62612859097,-5614.72,731,24,0,0.0328,79319.73000000001,,
SME0329,Sterling Taverns Ltd,Hospitality,Micro,Yorkshire,88641.3,False,False,18968.67,0.0,27916.34370725034,5207.53,731,0,0,0.0,53072.17,,
SME0330,Harbour Produce Ltd,Agriculture,Small,London,1865698.83,False,False,1280695.09,22744.800000000003,798644.1203556772,-30444.23,731,37,0,0.0506,2939820.99,56.31,
SME0331,Thornbury Industries Ltd,Manufacturing,Small,North East,1684907.53,False,True,-257659.66,5563.08,-264011.4695075239,-715552.69,731,730,341,0.9986,-454953.92000000004,-46.32,0.0
SME0332,Vantage Health Ltd,Health & Care,Micro,North West,279793.81,False,False,9022.620000000003,0.0,30083.889548563613,10284.72,731,0,0,0.0,73844.62,,
SME0333,Vantage Kitchen,Hospitality,Medium,London,31636525.0,False,False,-182899.645,294615.36,4889882.391915185,3072178.18,731,0,0,0.0,4902278.18,-0.62,321.6
SME0334,Summit Kitchen Ltd,Hospitality,Small,London,1404701.17,False,False,231348.56000000003,17183.88,457574.96786593704,150684.13,731,0,0,0.0,751913.86,13.46,
SME0335,Sterling Wholesale,Wholesale,Micro,East Midlands,128806.92,True,True,-42792.455,2293.92,-35323.60461012312,-98907.83,731,730,480,0.9986,-82553.16,-18.65,0.0
SME0336,Bramble Kitchen Ltd,Hospitality,Small,North West,3879661.66,False,False,1048228.37,14973.24,1484570.7403556772,391908.77,731,0,0,0.0,2867047.5,70.01,
SME0337,Meridian Wholesale Ltd,Wholesale,Micro,London,710444.28,False,False,395478.58999999997,0.0,239423.1875376197,-25769.01,731,15,0,0.0205,871331.55,,
SME0338,Clearwater Stores Ltd,Retail,Small,North West,1660878.71,False,False,525865.635,0.0,636301.949001368,189368.8,731,0,0,0.0,1371612.82,,
SME0339,Kestrel Taverns & Co,Hospitality,Small,Yorkshire,961278.58,False,True,-66395.04000000001,20139.72,47614.55663474692,-69618.28,731,104,37,0.1423,-5075.370000000003,-3.3,0.0
SME0340,Oakfield Groundworks Ltd,Construction,Micro,East of England,137737.12,False,False,29505.625,0.0,12377.315854993161,-10942.51,731,248,0,0.3393,69599.35,,
SME0341,Vantage Consulting Ltd,Professional Services,Micro,Scotland,479546.86,False,False,228205.925,0.0,160806.9853625171,-21425.92,731,52,0,0.0711,498561.9,,
SME0342,Northgate Trading Ltd,Retail,Small,East Midlands,1448712.9,False,False,-105845.49499999997,0.0,168221.6388098495,-36361.96,731,28,0,0.0383,51213.2,,5.8
SME0343,Clearwater Advisory Ltd,Professional Services,Small,Scotland,2343753.13,False,False,198110.56999999998,0.0,171817.63893296855,-107904.47,731,59,0,0.0807,607788.3200000001,,
SME0344,Whitfield Wholesale Ltd,Wholesale,Micro,North West,159313.07,False,True,260.67999999999824,0.0,-5973.496224350206,-21547.01,731,695,15,0.9508,9573.279999999999,,
SME0345,Halcyon Associates Ltd,Professional Services,Small,South West,1762567.04,False,False,273433.45,0.0,287733.35466484266,-10741.96,731,1,0,0.0014,757862.7,,
SME0346,Summit Contractors,Construction,Small,North East,4448561.28,False,False,350195.395,16490.04,76244.17049247607,-311086.77,731,281,0,0.3844,1207474.9300000002,21.24,
SME0347,Crown Advisory Ltd,Professional Services,Medium,North West,8419208.71,False,False,613437.22,113346.72,1510672.296990424,612908.69,731,0,0,0.0,2912264.94,5.41,
SME0348,Meridian Advisory LLP,Professional Services,Micro,East Midlands,920887.56,False,False,174948.805,19001.4,159779.83166894666,-24699.84,731,5,0,0.0068,450489.3,9.21,
SME0349,Vantage Stores Ltd,Retail,Micro,South East,795812.09,False,True,-125801.84499999999,8983.8,-23333.27856361149,-207751.12,731,406,261,0.5554,-165217.92,-14.0,0.0
SME0350,Ironbridge Consulting,Professional Services,Micro,West Midlands,116199.58,False,False,52730.175,678.36,34488.15856361149,-8521.54,731,102,0,0.1395,114023.96,77.73,
SME0351,Fairlead Transport Ltd,Transport & Logistics,Micro,East Midlands,202574.53,False,False,3335.92,0.0,-2425.5558139534883,-16184.23,731,471,0,0.6443,19254.26,,
SME0352,Redwood Supplies & Co,Wholesale,Small,South West,514223.01,False,False,239470.155,5133.72,158743.85789329687,-1619.93,731,2,0,0.0027,535521.39,46.65,
SME0353,Riverside Freight & Co,Transport & Logistics,Micro,South East,671319.13,True,True,-171714.035,3343.08,-84334.32875512996,-333378.39,731,553,275,0.7565,-248878.39,-51.36,0.0
SME0354,Whitfield Supplies,Wholesale,Small,Scotland,570421.67,False,False,44470.67,0.0,33642.410123119014,-25765.77,731,99,0,0.1354,147516.3,,
SME0355,Northgate Retail Ltd,Retail,Small,London,6561155.38,True,True,-2993063.105,29985.600000000002,-959617.7880300957,-4870084.93,731,429,397,0.5869,-4533984.93,-99.82,0.0
SME0356,Oakfield Catering Ltd,Hospitality,Small,London,1534851.7,True,True,-176241.02,0.0,186748.6308618331,-124257.23,731,80,33,0.1094,-38357.229999999996,,0.0
SME0357,Whitfield Digital,IT & Software,Micro,London,212044.37,False,False,102062.475,0.0,85092.49294117648,12749.8,731,0,0,0.0,230271.43,,
SME0358,Beacon Retail Ltd,Retail,Micro,South East,79338.77,False,False,-5099.405,0.0,9311.224268125856,586.37,731,0,0,0.0,5045.53,,11.9
SME0359,Bramble Haulage Ltd,Transport & Logistics,Medium,South West,8660574.72,True,False,-26572.799999999945,0.0,1259286.7534473324,-20148.65,731,2,0,0.0027,1066598.08,,481.7
SME0360,Harbour Construction,Construction,Small,Wales,509019.16,False,True,-28213.009999999995,0.0,-26450.54997264022,-79412.59,731,614,23,0.8399,13875.050000000003,,5.9
SME0361,Ashcroft Distribution Ltd,Wholesale,Small,South East,2520642.73,False,True,-55244.67499999999,77411.04000000001,-43566.71372093023,-434431.74,731,379,93,0.5185,-8614.599999999977,-0.71,0.0
SME0362,Pinnacle Industries Ltd,Manufacturing,Small,London,1718029.41,False,False,9662.499999999984,16387.079999999998,3553.929097127223,-86146.41,731,336,0,0.4596,171423.01,0.59,
SME0363,Redwood Taverns Ltd,Hospitality,Medium,East of England,37557328.03,False,False,6104513.454999999,572238.72,13329756.445266757,5511765.14,731,0,0,0.0,20843849.45,10.67,
SME0364,Oakfield Digital Ltd,IT & Software,Small,North West,4469870.22,False,False,2418844.27,19200.12,1856115.4696990424,-7301.74,731,2,0,0.0027,5304497.16,125.98,
SME0365,Marlow Partners LLP,Professional Services,Small,East of England,579980.37,False,False,76767.56,0.0,78142.27904240765,-10059.07,731,22,0,0.0301,226518.67,,
SME0366,Bramble Groundworks Ltd,Construction,Micro,South East,70236.84,False,False,5109.65,0.0,1075.9378932968536,-3905.43,731,261,0,0.357,18628.510000000002,,
SME0367,Harbour Growers Ltd,Agriculture,Small,West Midlands,2195443.47,False,False,492961.67000000004,48842.88,258512.23875512995,-108165.81,731,127,0,0.1737,1187061.03,10.09,
SME0368,Marlow Consulting,Professional Services,Micro,London,257745.38,False,False,150787.8,5332.08,90426.80632010945,-13741.66,731,71,0,0.0971,306340.97,28.28,
SME0369,Cobalt Hospitality,Hospitality,Small,East of England,277773.85,False,False,36416.994999999995,935.04,63350.58177838577,24527.94,731,0,0,0.0,118562.59,38.95,
SME0370,Halcyon Care Ltd,Health & Care,Micro,West Midlands,130084.72,True,True,-44305.490000000005,4273.4400000000005,-30500.848235294117,-97803.16,731,631,428,0.8632,-81903.16,-10.37,0.0
SME0371,Meridian Wholesale Ltd,Wholesale,Micro,London,287351.44,False,False,76471.165,0.0,39568.41778385773,-18703.43,731,165,0,0.2257,160306.28999999998,,
SME0372,Thornbury Builders LLP,Construction,Small,East of England,1095433.09,False,False,66509.98499999999,9131.400000000001,39092.10954856361,-77237.01,731,198,0,0.2709,245681.94,7.28,
SME0373,Pinnacle Contractors Ltd,Construction,Micro,London,178984.42,False,False,26906.95,3259.92,19949.035663474693,-7651.33,731,102,0,0.1395,71821.7,8.25,
SME0374,Kestrel Stores Ltd,Retail,Medium,South East,10153505.98,False,False,1404151.775,180379.32,2099438.94500684,1102817.2,731,0,0,0.0,4273785.9,7.78,
SME0375,Ironbridge Outlets,Retail,Micro,East of England,253588.06,True,True,-87348.995,0.0,-27265.641313269494,-144904.26,731,426,359,0.5828,-130804.26000000001,,0.0
SME0376,Kingsway Stores Ltd,Retail,Medium,South West,14686028.19,False,False,-660003.535,329187.72000000003,2888880.799288646,1118439.44,731,0,0,0.0,2119255.26,-2.0,38.5
SME0377,Thornbury Technologies Ltd,IT & Software,Small,South West,2454579.52,False,False,393019.335,21815.52,640154.6199042407,196879.16,731,0,0,0.0,1224976.1,18.02,
SME0378,Kestrel Digital Ltd,IT & Software,Micro,London,103267.02,False,False,-1728.4000000000005,1100.28,5140.691969904241,-5228.44,731,97,0,0.1327,4898.5,-1.57,34.0
SME0379,Ashcroft Builders LLP,Construction,Micro,Scotland,510727.57,False,False,155682.34,0.0,127951.48793433653,-20406.28,731,42,0,0.0575,394865.39,,
SME0380,Northgate Wholesale Ltd,Wholesale,Small,Yorkshire,836333.32,False,False,59125.005,0.0,129531.54082079344,39934.25,731,0,0,0.0,273411.31,,
SME0381,Oakfield Advisory Ltd,Professional Services,Micro,Scotland,217626.68,False,False,12476.484999999995,0.0,15399.210068399454,-5694.98,731,8,0,0.0109,50116.630000000005,,
SME0382,Redwood Catering,Hospitality,Micro,London,207287.03,True,True,-77352.47,4341.96,-36127.576935704514,-142324.16,731,507,414,0.6936,-130024.16,-17.82,0.0
SME0383,Kingsway Associates,Professional Services,Small,South West,1313714.62,False,True,-53181.640000000014,17749.199999999997,-10635.265335157319,-191348.4,731,340,46,0.4651,-7195.859999999986,-3.0,0.0
SME0384,Meridian Advisory Ltd,Professional Services,Small,South East,666059.81,False,False,-31447.139999999992,19681.68,46056.808577291384,-56750.03,731,118,0,0.1614,36146.74,-1.6,13.8
SME0385,Marlow Kitchen,Hospitality,Micro,Scotland,121512.76,False,True,-24968.870000000003,3124.44,-8525.454008207935,-40032.41,731,446,359,0.6101,-35132.41,-7.99,0.0
SME0386,Sterling Digital Ltd,IT & Software,Micro,South West,212094.16,False,False,15024.059999999998,5652.36,29920.567578659367,7480.64,731,0,0,0.0,58359.95,2.66,
SME0387,Kestrel Traders Ltd,Wholesale,Micro,Northern Ireland,77630.67,False,False,8086.695,2688.12,886.8010259917921,-6250.39,731,247,0,0.3379,13638.380000000001,3.01,
SME0388,Fairlead Wholesale,Wholesale,Small,South West,273037.73,False,True,-27915.035,2842.92,-17637.448372093022,-70714.47,731,525,158,0.7182,-16915.79,-9.82,0.0
SME0389,Kestrel Freight Ltd,Transport & Logistics,Small,London,1927533.12,False,False,89006.685,49601.520000000004,130048.57302325581,10372.98,731,0,0,0.0,327947.65,1.79,
SME0390,Marlow Retail Ltd,Retail,Small,Northern Ireland,2425813.57,False,True,-897671.7850000001,0.0,-410808.94302325585,-1575758.93,731,487,435,0.6662,-1448058.93,,0.0
SME0391,Halcyon Haulage & Co,Transport & Logistics,Medium,Northern Ireland,4603086.0,False,False,789667.6349999999,28103.879999999997,775544.638878249,107013.74,731,0,0,0.0,2284140.99,28.1,
SME0392,Halcyon Retail Ltd,Retail,Small,West Midlands,3119589.14,False,False,167887.51499999998,33108.36,616850.0208891928,372309.05,731,0,0,0.0,923181.53,5.07,
SME0393,Meridian Partners,Professional Services,Small,East of England,465119.34,False,False,121921.80500000001,0.0,159953.32920656636,37935.61,731,0,0,0.0,356193.4,,
SME0394,Northgate Contractors Ltd,Construction,Small,London,2520543.44,False,False,659727.075,0.0,394905.5097948017,-54194.08,731,11,0,0.015,1686636.93,,
SME0395,Sterling Systems Ltd,IT & Software,Micro,South West,339788.79,False,False,54641.575,0.0,82139.54555403556,17050.11,731,0,0,0.0,163851.65,,
SME0396,Cobalt Traders Ltd,Wholesale,Micro,Scotland,102123.7,False,False,8965.484999999999,0.0,4206.834733242134,-4747.6,731,81,0,0.1108,24446.03,,
SME0397,Ashcroft Stores,Retail,Micro,North West,842007.28,False,False,-25555.055000000008,0.0,86451.36544459645,54118.99,731,0,0,0.0,114944.33,,54.0
SME0398,Fairlead Consulting Ltd,Professional Services,Small,West Midlands,401870.89,False,False,167544.46,0.0,121286.00291381669,-8827.48,731,7,0,0.0096,375100.29,,
SME0399,Riverside Distribution,Wholesale,Micro,East Midlands,589792.43,True,True,-352144.145,0.0,-280404.71634746925,-747493.88,731,730,618,0.9986,-686693.88,,0.0
SME0400,Ironbridge Consulting Ltd,Professional Services,Micro,North West,420959.85,False,False,174433.09,5047.5599999999995,159674.18388508892,29607.89,731,0,0,0.0,414827.38,34.56,
SME0401,Northgate Stores Ltd,Retail,Micro,London,119675.45,True,True,-13252.835,0.0,6779.0119015047885,-17283.97,731,161,93,0.2202,-11671.470000000001,,0.0
SME0402,Harbour Freight Ltd,Transport & Logistics,Micro,South West,154093.06,False,False,7233.509999999999,0.0,5293.809972640219,-5387.97,731,137,0,0.1874,28441.68,,
SME0403,Bramble Growers Ltd,Agriculture,Micro,Scotland,164728.99,False,False,84596.935,0.0,53472.30359781122,429.95,731,0,0,0.0,196738.04,,
SME0404,Whitfield Wholesale Ltd,Wholesale,Micro,London,291982.85,False,False,89248.995,0.0,61080.63803009576,-5987.33,731,57,0,0.078,209695.27,,
SME0405,Fairlead Taverns,Hospitality,Medium,East Midlands,11000820.94,False,False,2759946.475,290492.64,3748694.9131600545,1264494.42,731,0,0,0.0,7390031.76,9.5,
SME0406,Bramble Trading,Retail,Micro,London,256533.42,False,False,3634.0149999999985,0.0,24764.75774281806,10741.16,731,0,0,0.0,43130.53,,
SME0407,Fairlead Works Ltd,Manufacturing,Small,Wales,4530661.51,False,False,1866657.2550000001,162010.08000000002,1099512.2657181942,-326719.0,731,106,0,0.145,3769866.4,11.52,
SME0408,Marlow Advisory,Professional Services,Medium,Yorkshire,27069153.28,False,False,4141580.65,112154.51999999999,5648175.179384405,2139031.78,731,0,0,0.0,15047890.37,36.93,
SME0409,Summit Wholesale Ltd,Wholesale,Medium,East Midlands,24553941.59,False,False,2894342.005,219579.12,2099179.0614090287,-772699.87,731,58,0,0.0793,7866446.74,13.18,
SME0410,Thornbury Partners Ltd,Professional Services,Small,North West,1237421.23,False,False,-22645.71999999997,19131.36,69177.31915184678,-114527.7,731,87,0,0.119,133170.2,-1.18,70.6
SME0411,Whitfield Retail Ltd,Retail,Medium,West Midlands,5592938.37,False,False,1919401.7300000002,104110.56,2254016.826005472,837259.1,731,0,0,0.0,5004332.56,18.44,
SME0412,Kingsway Stores Ltd,Retail,Micro,South East,972063.16,False,False,364844.515,0.0,370552.2695075239,53028.11,731,0,0,0.0,898827.32,,
SME0413,Bramble Works Ltd,Manufacturing,Micro,Wales,1156373.99,False,False,40648.62499999999,0.0,-22620.769904240766,-94858.74,731,520,0,0.7114,181701.94,,
SME0414,Kestrel Fabrications,Manufacturing,Micro,Scotland,327719.47,False,False,60320.315,0.0,36336.674021887826,-17113.72,731,52,0,0.0711,175455.64,,
SME0415,Vantage Hospitality Ltd,Hospitality,Small,West Midlands,1921967.23,False,True,-463697.81,10086.84,-81068.48953488372,-734697.87,731,341,330,0.4665,-649597.87,-45.97,0.0
SME0416,Vantage Supplies Ltd,Wholesale,Medium,South West,34441348.88,False,False,6738458.094999999,259130.27999999997,4874579.199151847,132565.11,731,0,0,0.0,16972405.16,26.0,
SME0417,Vantage Builders,Construction,Micro,North West,143392.03,False,False,31579.475,0.0,21112.36339261286,-12200.89,731,215,0,0.2941,78310.83,,
SME0418,Summit Hospitality & Co,Hospitality,Small,East of England,3625847.26,False,False,1895705.245,53065.799999999996,1706221.57623803,306808.2,731,0,0,0.0,4340509.220000001,35.72,
SME0419,Fairlead Trading Ltd,Retail,Small,Wales,1736968.48,False,False,181351.975,0.0,298692.4854172367,111438.68,731,0,0,0.0,580680.4299999999,,
SME0420,Kingsway Logistics Ltd,Transport & Logistics,Micro,London,246598.5,False,False,40658.3,5692.32,17566.76288645691,-12104.83,731,124,0,0.1696,101618.98,7.14,
SME0421,Meridian Transport & Co,Transport & Logistics,Small,Wales,4312864.97,False,True,-762371.4449999998,61880.28,-505016.6743365253,-1717363.76,731,591,249,0.8085,-988024.1399999999,-12.32,0.0
SME0422,Riverside Trading Ltd,Retail,Micro,Scotland,523129.27,False,False,68192.245,6491.52,82410.88439124488,17356.74,731,0,0,0.0,181300.26,10.5,
SME0423,Fairlead Stores,Retail,Small,South West,783451.88,False,True,-58635.14499999999,14975.52,-8807.779384404925,-93237.96,731,345,228,0.472,-42063.32000000001,-3.92,0.0
SME0424,Meridian Digital,IT & Software,Micro,West Midlands,400567.52,True,True,-97380.29000000001,1287.1200000000001,-50002.1314363885,-189398.44,731,572,341,0.7825,-154242.68,-75.66,0.0
SME0425,Harbour Systems,IT & Software,Micro,London,292902.11,False,False,28275.195000000003,4735.200000000001,17321.864692202464,-10395.66,731,43,0,0.0588,79414.94,5.97,
SME0426,Vantage Produce,Agriculture,Micro,South West,75302.07,False,True,-1013.8100000000002,2945.88,-9588.361846785225,-17654.31,731,730,242,0.9986,-886.9699999999993,-0.34,0.0
SME0427,Beacon Retail & Co,Retail,Micro,East Midlands,93809.61,False,False,18168.524999999998,0.0,27097.845348837207,11545.52,731,0,0,0.0,55577.46,,
SME0428,Kestrel Freight Ltd,Transport & Logistics,Small,Yorkshire,1572879.09,False,False,286196.32,0.0,214738.80250341995,-526.58,731,7,0,0.0096,716373.46,,
SME0429,Marlow Works Ltd,Manufacturing,Medium,West Midlands,7401617.22,False,False,354154.725,49493.64,818191.9688645691,112177.73,731,0,0,0.0,2315927.74,7.16,
SME0430,Meridian Catering LLP,Hospitality,Micro,London,153905.56,False,False,7132.844999999998,2540.52,21900.161901504787,6351.61,731,0,0,0.0,28718.67,2.81,
SME0431,Northgate Manufacturing,Manufacturing,Small,West Midlands,1640225.07,False,False,688513.885,0.0,464360.09381668945,-88441.18,731,86,0,0.1176,1559378.87,,
SME0432,Ironbridge Trading Ltd,Retail,Small,North West,1110570.85,False,False,378162.555,29062.32,378013.7553077975,86516.4,731,0,0,0.0,884018.07,13.01,
SME0433,Meridian Trading,Retail,Micro,London,484136.02,False,False,80730.245,0.0,81050.49990424077,14721.1,731,0,0,0.0,209717.06,,
SME0434,Sterling Consulting Ltd,Professional Services,Micro,South West,312161.28,False,True,-49371.94,0.0,-14355.208139534885,-94763.09,731,424,144,0.58,-52663.09,,0.0
SME0435,Marlow Trading Ltd,Retail,Micro,London,65203.03,False,False,6638.634999999999,0.0,10712.51853625171,2525.16,731,0,0,0.0,21373.69,,
SME0436,Harbour Supplies LLP,Wholesale,Micro,South East,40570.15,True,True,-5633.79,0.0,-3747.021299589603,-13723.83,731,666,231,0.9111,-7710.09,,0.0
SME0437,Ashcroft Catering Ltd,Hospitality,Small,East Midlands,370480.39,False,False,291793.235,0.0,271990.03647058824,17762.23,731,0,0,0.0,647618.7,,
SME0438,Marlow Fabrications Ltd,Manufacturing,Micro,West Midlands,126556.83,True,False,505.495000000001,0.0,5544.9156497948015,-6979.98,731,144,0,0.197,17941.67,,
SME0439,Ironbridge Consulting Ltd,Professional Services,Small,North West,2463365.21,False,False,348189.94,0.0,570512.7903419973,127676.27,731,0,0,0.0,1175406.58,,
SME0440,Oakfield Kitchen Ltd,Hospitality,Micro,London,264722.92,False,False,-7049.330000000002,0.0,43967.81761969904,20522.93,731,0,0,0.0,42274.259999999995,,72.0
SME0441,Redwood Trading Ltd,Retail,Micro,East of England,170150.15,False,False,-1888.6650000000006,0.0,18959.42919288646,7123.4,731,0,0,0.0,23515.379999999997,,149.4
SME0442,Kingsway Health,Health & Care,Small,Yorkshire,1738508.98,False,False,1147195.4,0.0,795112.4338440492,-30574.44,731,1,0,0.0014,2467622.88,,
SME0443,Pinnacle Clinics Ltd,Health & Care,Micro,South West,296080.34,False,False,37722.030000000006,0.0,44347.119370725035,-1400.69,731,2,0,0.0027,105190.47,,
SME0444,Pinnacle Outlets Ltd,Retail,Micro,London,164773.21,True,True,-82195.425,0.0,-43994.00119015048,-152234.27,731,540,477,0.7387,-143934.27,,0.0
SME0445,Thornbury Associates Ltd,Professional Services,Small,West Midlands,2612727.71,False,False,578651.785,73612.56,504832.65614227083,-5650.56,731,2,0,0.0027,1415300.78,7.86,
SME0446,Sterling Trading Ltd,Retail,Micro,London,166700.66,False,True,-14617.535000000002,0.0,6511.680027359781,-16092.8,731,190,90,0.2599,-5670.25,,0.0
SME0447,Meridian Fabrications,Manufacturing,Small,South East,650375.87,False,True,-47117.275,17247.72,-96653.03694938442,-190688.17,731,730,297,0.9986,-81755.75,-2.73,0.0
SME0448,Whitfield Kitchen Ltd,Hospitality,Small,East Midlands,828105.77,False,False,124942.2,21594.239999999998,248229.72595075238,70217.71,731,0,0,0.0,406449.61,5.79,
SME0449,Sterling Partners & Co,Professional Services,Medium,South East,47792176.63,False,False,3938438.425,1349743.68,5334189.040725034,1360844.92,731,0,0,0.0,13828376.55,2.92,
SME0450,Ironbridge Retail Ltd,Retail,Small,London,1706325.31,False,False,633048.39,0.0,705288.7155677155,150307.72,731,0,0,0.0,1598772.68,,
SME0451,Cobalt Trading Ltd,Retail,Micro,West Midlands,171358.43,False,False,19660.800000000003,0.0,29286.19008207934,6584.59,731,0,0,0.0,61692.43,,
SME0452,Summit Stores Ltd,Retail,Small,South East,1525393.72,False,True,-234858.69499999998,31870.56,43209.14868673051,-306097.29,731,245,162,0.3352,-216040.46999999997,-7.37,0.0
SME0453,Kingsway Supplies Ltd,Wholesale,Small,South West,537950.63,False,False,147000.18,0.0,97217.79227086184,-1148.1,731,1,0,0.0014,369056.35,,
SME0454,Marlow Contractors,Construction,Micro,East of England,146559.44,False,True,-6501.865000000001,4228.32,-26788.142872777018,-49575.32,731,730,611,0.9986,-16254.480000000003,-1.54,0.0
SME0455,Oakfield Construction Ltd,Construction,Small,London,3109157.29,False,False,47800.98500000003,12435.24,170539.05714090288,25539.37,731,0,0,0.0,705232.22,3.84,
SME0456,Bramble Stores Ltd,Retail,Micro,South West,78805.74,False,False,34229.825,3136.56,32035.28876880985,5580.31,731,0,0,0.0,76997.6,10.91,
SME0457,Marlow Freight LLP,Transport & Logistics,Micro,South West,476617.45,False,False,140339.355,0.0,95876.33329685363,-35247.97,731,22,0,0.0301,310312.36,,
SME0458,Kingsway Retail LLP,Retail,Micro,South East,236285.13,False,False,51819.48999999999,3321.12,68254.00678522572,13956.16,731,0,0,0.0,143035.41,15.6,
SME0459,Bramble Retail,Retail,Micro,London,373515.55,False,False,2620.2950000000055,0.0,45570.63313269494,32293.61,731,0,0,0.0,65701.62,,
SME0460,Kestrel Clinics Ltd,Health & Care,Small,London,2646205.38,False,False,304511.29000000004,0.0,524905.7804651163,116000.47,731,0,0,0.0,1166592.81,,
SME0461,Fairlead Taverns Ltd,Hospitality,Micro,East of England,67646.45,False,False,1453.9699999999996,0.0,8606.420054719561,3884.61,731,0,0,0.0,11859.3,,
SME0462,Halcyon Works Ltd,Manufacturing,Micro,Yorkshire,86239.15,True,True,-9494.2,2122.8,-10281.473036935704,-31564.68,731,730,258,0.9986,-21143.34,-4.47,0.0
SME0463,Ashcroft Stores Ltd,Retail,Micro,North East,147692.37,False,False,10850.565000000002,0.0,23826.811121751027,5453.55,731,0,0,0.0,42556.66,,
SME0464,Oakfield Taverns,Hospitality,Micro,South West,109631.14,False,True,-21159.6,0.0,-4554.776019151846,-31506.77,731,349,316,0.4774,-26502.92,,0.0
SME0465,Marlow Catering Ltd,Hospitality,Small,Yorkshire,635613.25,False,False,277770.705,0.0,356275.5520383037,73620.9,731,0,0,0.0,720329.1,,
SME0466,Meridian Construction Ltd,Construction,Micro,South West,31483.91,False,False,16115.695,978.96,8035.6800683994525,-1538.85,731,168,0,0.2298,32209.12,16.46,
SME0467,Kingsway Trading Ltd,Retail,Micro,London,79784.75,False,False,6348.069999999998,609.0,9114.570861833105,2339.8,731,0,0,0.0,20030.809999999998,10.42,
SME0468,Sterling Distribution Ltd,Wholesale,Small,South East,2119638.31,False,False,396534.60500000004,54699.479999999996,305625.13443228457,62455.21,731,0,0,0.0,962195.13,7.25,
SME0469,Kingsway Contractors,Construction,Micro,Wales,226354.16,False,False,22915.214999999997,0.0,-223.64585499315996,-27074.03,731,329,0,0.4501,69018.64,,
SME0470,Vantage Produce,Agriculture,Small,South West,912455.9,False,False,119467.97999999998,17357.52,95722.55555403557,11827.64,731,0,0,0.0,376938.43,6.88,
SME0471,Beacon Advisory Ltd,Professional Services,Micro,East Midlands,71176.79,False,False,4331.709999999999,0.0,7190.873461012312,668.59,731,0,0,0.0,18447.84,,
SME0472,Redwood Traders,Wholesale,Micro,Scotland,933500.48,False,False,213506.95,0.0,139957.84497948017,-36268.55,731,98,0,0.1341,528111.8300000001,,
SME0473,Summit Retail Ltd,Retail,Small,East of England,645814.13,False,False,-20540.365,0.0,57099.8037619699,206.0,731,0,0,0.0,49578.369999999995,,29.0
SME0474,Harbour Software Ltd,IT & Software,Medium,Yorkshire,21578890.99,False,False,10897989.45,518539.44000000006,11964478.099028727,3021210.8,731,0,0,0.0,27607219.35,21.02,
SME0475,Harbour Consulting Ltd,Professional Services,Micro,London,108777.54,True,True,-9016.77,0.0,-2095.0798905608754,-22510.88,731,366,92,0.5007,-7824.110000000001,,0.0
SME0476,Vantage Taverns Ltd,Hospitality,Small,East of England,2428528.33,False,False,227092.74500000002,26721.0,616008.5291108071,192352.48,731,0,0,0.0,925746.58,8.5,
SME0477,Whitfield Industries,Manufacturing,Micro,South East,92913.05,False,False,16676.079999999998,0.0,10482.239575923393,-4892.8,731,112,0,0.1532,44253.83,,
SME0478,Meridian Contractors LLP,Construction,Micro,East of England,188902.52,True,False,58743.29,0.0,34739.818686730505,-17678.43,731,185,0,0.2531,137643.78999999998,,
SME0479,Halcyon Manufacturing Ltd,Manufacturing,Small,East of England,973408.01,False,False,139394.87999999998,0.0,83637.832749658,-74418.06,731,144,0,0.197,351721.3,,
SME0480,Kingsway Retail Ltd,Retail,Small,East Midlands,1052813.9,False,False,304052.245,0.0,371119.1094254446,148897.56,731,0,0,0.0,824484.35,,
SME0481,Fairlead Trading & Co,Retail,Small,Yorkshire,787856.75,False,False,130266.09499999999,0.0,169214.8388645691,63015.39,731,0,0,0.0,368891.3,,
SME0482,Clearwater Advisory LLP,Professional Services,Medium,London,8468331.67,False,False,9920339.155,161146.2,7566336.744596443,688653.38,731,0,0,0.0,21379040.68,61.56,
SME0483,Ironbridge Associates Ltd,Professional Services,Small,North West,9161420.43,False,False,1511272.25,0.0,1895232.4705471958,376782.33,731,0,0,0.0,4791191.35,,
SME0484,Oakfield Taverns,Hospitality,Small,East Midlands,665799.45,False,False,-33273.53,9917.16,61701.93051983584,-16139.06,731,31,0,0.0424,32293.9,-3.36,11.6
SME0485,Harbour Construction Ltd,Construction,Micro,Scotland,216493.77,False,False,10245.11,0.0,-2864.416511627907,-22925.94,731,447,0,0.6115,33659.12,,
SME0486,Ironbridge Digital,IT & Software,Micro,London,1073001.4,False,False,198234.59999999995,11092.08,98760.41243502051,-72258.27,731,117,0,0.1601,479099.81,17.87,
SME0487,Thornbury Trading Ltd,Retail,Micro,Yorkshire,178799.29,False,False,18055.2,0.0,26840.175567715458,8117.24,731,0,0,0.0,62515.52,,
SME0488,Halcyon Outlets Ltd,Retail,Small,Yorkshire,14655453.21,False,True,-3197842.8049999997,288092.88,-10741.677387140906,-4361239.2,731,330,244,0.4514,-3530347.37,-11.1,0.0
SME0489,Bramble Freight Ltd,Transport & Logistics,Small,East of England,586901.73,False,False,134253.35,5954.5199999999995,145273.84447332422,27073.72,731,0,0,0.0,351888.88,22.55,
SME0490,Sterling Works Ltd,Manufacturing,Micro,East of England,207016.73,False,False,3618.130000000003,3554.6400000000003,4393.214569083448,-10887.41,731,141,0,0.1929,35438.95,1.02,
SME0491,Cobalt Catering Ltd,Hospitality,Small,West Midlands,3371865.31,False,False,92392.71500000003,0.0,616094.8763064295,328676.63,731,0,0,0.0,763090.02,,
SME0492,Bramble Outlets,Retail,Small,North East,2541220.5,False,False,1113.9999999999964,19214.760000000002,391020.7804377565,281618.7,731,0,0,0.0,497543.33,0.06,
SME0493,Meridian Transport Ltd,Transport & Logistics,Micro,London,537227.26,False,False,49695.55,0.0,70296.08270861833,9400.4,731,0,0,0.0,186368.05,,
SME0494,Northgate Distribution Ltd,Wholesale,Micro,South West,492288.68,False,True,-65742.01,10017.36,-68097.43757865937,-183007.92,731,724,364,0.9904,-104671.85999999999,-6.56,0.0
SME0495,Halcyon Software Ltd,IT & Software,Small,East of England,1614443.26,True,True,-231985.28499999997,0.0,97414.84001367989,-357785.4,731,178,93,0.2435,-204785.40000000002,,0.0
SME0496,Whitfield Produce Ltd,Agriculture,Micro,East Midlands,168297.54,True,False,9480.51,0.0,10465.664473324212,-6913.81,731,174,0,0.238,40996.19,,
SME0497,Pinnacle Kitchen Ltd,Hospitality,Micro,East of England,45953.45,False,False,6000.360000000001,0.0,12260.20957592339,4250.08,731,0,0,0.0,21102.25,,
SME0498,Summit Associates Ltd,Professional Services,Small,London,1034334.86,False,False,37648.85000000002,5071.68,128660.2414637483,38828.52,731,0,0,0.0,241009.59,7.42,
SME0499,Redwood Stores Ltd,Retail,Micro,South East,47779.14,False,False,14205.68,0.0,16062.570123119014,4459.04,731,0,0,0.0,36717.28,,
SME0500,Fairlead Catering,Hospitality,Micro,London,127429.79,True,True,-35418.585,2436.0,-14078.043146374828,-64549.94,731,441,335,0.6033,-57349.94,-14.54,0.0
